Reg Num,Name,Address,Status,Phone,Broker
4054,2610805 ONTARIO LIMITED O/A SELECTIVE INSURANCE GROUP,"PO BOX 265, PORT UNION ROAD, SCARBOROUGH, ONTARIO, CANADA, M1C 2L0",Corporation,+1(647)933-9009,"MICHEL, JENNIFER LYNN"
3454,A & A INSURANCE BROKERS LTD.,"3220, DOUGALL AVENUE, UNIT B, WINDSOR, ONTARIO, CANADA, N9E 1S6",Corporation,+1(519)250-4111,"GIBB, CHRISTOPHER JOSEPH"
740,A.F. `SANDY' FORBES INSURANCE BROKER DIV. OF 251321 ONT. LTD,"730, KING STREET EAST, CAMBRIDGE, ONTARIO, CANADA, N3H 3N9",Corporation,+1(519)653-5650,"FORBES, KATHRYN JOAN"
4123,A.P. REID INSURANCE LIMITED,"3390, SOUTH SERVICE RD, SUITE #201, BURLINGTON, ONTARIO, CANADA, L7N 3J5",Corporation,+()905-689-6608,"REID, JAMES PATRICK"
3345,AAIMSAFE INC.,"3105, WINSTON CHURCHILL BLVD, UNIT #12, MISSISSAUGA, ONTARIO, CANADA, L5L 5S3",Corporation,+1(905)593-3195,"MCCABE, JOSEPH VINCENT"
4,AAXEL INS. MARKHAM,"3075, 14TH AVENUE, UNIT # 11, MARKHAM, ONTARIO, CANADA, L3R 0G9",Corporation,,"MANN, PRITPAL SINGH ""PAUL"""
3604,"ABORIGINAL INSURANCE SERVICES, INC.","50, GENERATIONS DRIVE, P.O. BOX 4, SUITE 206, OSHWEKEN, ONTARIO, CANADA, N0A 1M",Corporation,+1(855)282-6991,"SHERWIN, RANDY"
3344,ADVANCED INSURANCE BROKERS INC,"2-825, PARK W AVE, CHATHAM, ONTARIO, CANADA, N7M 0N1",Corporation,+1(519)397-9333,"DESBIENS, JEAN DANIEL"
3545,ADVANTAGE 45 INSURANCE BROKERS O/B 1809692 ONTARIO INC.,"244, DUNLOP W ST, BARRIE, ONTARIO, CANADA, L4N 1B6",Corporation,+1(705)737-5620,"NEWMAN, CALVIN GARY"
4053,AIA INSURANCE BROKERS LTD.,"5875 HIGHWAY 7, UNIT 200B, VAUGHAN, ONTARIO, CANADA, L4L 1T9",Corporation,+1(416)504-0990,"CARROLL, RANDY DAVID"
4054,2610805 ONTARIO LIMITED O/A SELECTIVE INSURANCE GROUP,"PO BOX 265, PORT UNION ROAD, SCARBOROUGH, ONTARIO, CANADA, M1C 2L0",Corporation,+1(647)933-9009,"MICHEL, JENNIFER LYNN"
3454,A & A INSURANCE BROKERS LTD.,"3220, DOUGALL AVENUE, UNIT B, WINDSOR, ONTARIO, CANADA, N9E 1S6",Corporation,+1(519)250-4111,"GIBB, CHRISTOPHER JOSEPH"
740,A.F. `SANDY' FORBES INSURANCE BROKER DIV. OF 251321 ONT. LTD,"730, KING STREET EAST, CAMBRIDGE, ONTARIO, CANADA, N3H 3N9",Corporation,+1(519)653-5650,"FORBES, KATHRYN JOAN"
4123,A.P. REID INSURANCE LIMITED,"3390, SOUTH SERVICE RD, SUITE #201, BURLINGTON, ONTARIO, CANADA, L7N 3J5",Corporation,+()905-689-6608,"REID, JAMES PATRICK"
3345,AAIMSAFE INC.,"3105, WINSTON CHURCHILL BLVD, UNIT #12, MISSISSAUGA, ONTARIO, CANADA, L5L 5S3",Corporation,+1(905)593-3195,"MCCABE, JOSEPH VINCENT"
4,AAXEL INS. MARKHAM,"3075, 14TH AVENUE, UNIT # 11, MARKHAM, ONTARIO, CANADA, L3R 0G9",Corporation,,"MANN, PRITPAL SINGH ""PAUL"""
3604,"ABORIGINAL INSURANCE SERVICES, INC.","50, GENERATIONS DRIVE, P.O. BOX 4, SUITE 206, OSHWEKEN, ONTARIO, CANADA, N0A 1M",Corporation,+1(855)282-6991,"SHERWIN, RANDY"
3344,ADVANCED INSURANCE BROKERS INC,"2-825, PARK W AVE, CHATHAM, ONTARIO, CANADA, N7M 0N1",Corporation,+1(519)397-9333,"DESBIENS, JEAN DANIEL"
3545,ADVANTAGE 45 INSURANCE BROKERS O/B 1809692 ONTARIO INC.,"244, DUNLOP W ST, BARRIE, ONTARIO, CANADA, L4N 1B6",Corporation,+1(705)737-5620,"NEWMAN, CALVIN GARY"
4053,AIA INSURANCE BROKERS LTD.,"5875 HIGHWAY 7, UNIT 200B, VAUGHAN, ONTARIO, CANADA, L4L 1T9",Corporation,+1(416)504-0990,"CARROLL, RANDY DAVID"
4053,AIA INSURANCE- LONDON,"1398, WELLINGTON RD, #30, LONDON, ONTARIO, CANADA, N6E 1M5",Corporation,,
3043,AIR1 INSURANCE SERVICES LTD.,"SUITE 201, AIRPORT WAY, BOX 163, PITT MEADOWS, BRITISH COLUMBIA, CANADA, V3Y 2B4",Corporation,+1(604)460-8787,"FITZPATRICK, DAVID P."
3843,AKAL INSURANCE BROKERS (PEEL) INC.,"7990 KENNEDY ROAD SOUTH, STE 204, BRAMPTON, ONTARIO, CANADA, L6W 0B3",Corporation,+1(905)454-0222,"DHALIWAL, HARBIR BOBBY"
614,AL DORMAN INSURANCE BROKERS LTD,"19150, CENTRE STREET, UNIT 1, MOUNT ALBERT, ONTARIO, CANADA, L0G 1M0",Corporation,+1(905)473-2942,"ARMSTRONG, CURTIS ALAN"
3346,ALL LINE INSURANCE BROKERS INC,"1878, HURON CHURCH ROAD, WINDSOR, ONTARIO, CANADA, N9C 2L5",Corporation,+1(519)250-0269,"CHAFCHAK, WALLY (WALID)"
14,ALL-RISKS- MISSISSAUGA,"6465, MILLCREEK DRIVE, SUITE 201, MISSISSAUGA, ONTARIO, CANADA, L5N 5R3",Corporation,905-812-7223,"LEMMON, PAUL"
24,ALL-RISKS- SAULT ST. MARIE,"123, GREAT NORTHERN ROAD, UNIT B, SAULT STE MARIE, ONTARIO, CANADA, P6B 4Y9",Corporation,705-575-4400,"LEMMON, PAUL"
3428,AMBROZIAK & RAO INSURANCE BROKERS INC.,"250, DUNDAS ST WEST, SUITE #408, MISSISSAUGA, ONTARIO, CANADA, L5B 1J2",Corporation,+1(905)366-0066,"RAO, HARISH"
3664,AMG INSURANCE BROKERS LIMITED,"#604- 555 BURNHAMTHORPE ROAD, ETOBICOKE, ONTARIO, CANADA, M9C 2V3",Corporation,+1(416)621-1819,"MCCABE, JOSEPH VINCENT"
3441,AMPEX GENERAL INSURANCE BROKERS LTD.,"712, & 714 GORDON BAKER ROAD, TORONTO, ONTARIO, CANADA, M2H 3B4",Corporation,+1(416)886-3311,"LEUNG, RAYMOND WAI LAM"
3446,ANTHONY TSANG INSURANCE BROKERS INC.,"95, MURAL STREET, SUITE 600, UNIT #4, RICHMOND HILL, ONTARIO, CANADA, L4B 3G2",Corporation,+1(416)410-6868,"MCCABE, JOSEPH VINCENT"
4,AON CANADA-LONDON,"380, WELLINGTON STREET, LONDON, ONTARIO, CANADA, N6A 5B5",Corporation,519-433-3441,"AUDET, MAURICE GEORGE"
24,AON REED STENHOUSE ST. JOHN'S,"125, KELSEY DRIVE, ST JOHN'S, NEWFOUNDLAND AND LABRADOR, CANADA, A1B",Corporation,709-739-1000,"AUDET, MAURICE GEORGE"
14,AON REED STENHOUSE- WHITEHORSE,"201- , 9016 QUARTZ ROAD, WHITEHORSE, YUKON, CANADA, Y1A 2Z5",Corporation,867-668-4343,"AUDET, MAURICE GEORGE"
4,AON REED STENHOUSE-MONTREAL,"1800- , 700 de la GAUCHETIERE, STREET W., MONTREAL, QUEBEC, CANADA, H3B 0A7",Corporation,514-842-5000,"AUDET, MAURICE GEORGE"
4,AP INSURANCE - KITCHENER,"135, BIEHN DRIVE, KITCHENER, ONTARIO, CANADA, N2R 1M6",Corporation,519-748-0984,"BELL, SCOTT DOUGLAS"
3452,AP INSURANCE BROKERS INC.,"1423, UPPER OTTAWA ST, UNIT # 11, HAMILTON, ONTARIO, CANADA, L8W 3J6",Corporation,+1(905)389-2822,"BELL, SCOTT DOUGLAS"
4,AP REID INS-DARTMOUTH,"2030, â€“ 100 MAIN STREET, DARTMOUTH, NOVA SCOTIA, CANADA, B2X 1R5",Corporation,,"REID, JAMES PATRICK"
945,ART HELPARD INSURANCE BROKERS,"195, MENTEN PLACE, SUITE #102, NEPEAN, ONTARIO, CANADA, K2H 9C1",Sole Proprietor,+1(613)828-4840,"HELPARD, ARTHUR J."
14,ARTHUR GALLAGHER-CAVALIER,"8 , 8 -3421 PORTAGE AVENUE, WINNIPEG, MANITOBA, CANADA, R3K 2C9",Corporation,204-925-8640,"MEDEIROS, TRACEY LYNN"
4,ARTHUR GALLAGHER-OTTAWA#1,"150 ISABELLA STREET, SUITE 1200, KILLEANY PLACE, OTTAWA, ONTARIO, CANADA, K1S 1V",Corporation,613-226-2080,"MEDEIROS, TRACEY LYNN"
24,ARTHUR GALLAGHER-TORONTO#2,"1200-181 , UNIVERSITY AVE., TORONTO, ONTARIO, CANADA, M5H 3M7",Corporation,,"MEDEIROS, TRACEY LYNN"
2074,ARTHUR J. GALLAGHER CANADA LIMITED,"#400- 250 YORK STREET, LONDON, ONTARIO, CANADA, N6A 6K2",Corporation,+1(519)646-5800,"MEDEIROS, TRACEY LYNN"
464,ASI FINANCIAL GROUP INC.,"4920, DEMAISONNEUVE BLVD. WEST, SUITE #305, WESTMOUNT, QUEBEC, CANADA, H3Z 1N1",Corporation,+1(514)363-3636,"HARMAN, EDWARD STANLEY"
3461,ASSURANCES GENERALES SECOURS INC.,"674, AVENUE CENTRALE, VAL D'OR, QUEBEC, CANADA, J9P 1P8",Corporation,+1(819)825-7878,"SHELDON, PAUL KENNETH"
3341,AVALOCH INSURANCE SERVICES INC,"156, CENTRE STREET, AURORA, ONTARIO, CANADA, L4G 1K1",Corporation,+1(905)763-8885,"HOLMAN, CHRISTOPHER"
3407,AVALON RISK MANAGEMEMT (CANADA) INC.,"200, CONSUMERS ROAD, SUITE 608, TORONTO, ONTARIO, CANADA, M2J 4R4",Corporation,+1(416)494-2696,"FRASER, JOHN SCOTT"
3405,AVESTA INSURANCE BROKERS INC.,"260 EDGELEY BLVD, UNIT 14, CONCORD, ONTARIO, CANADA, L4K 3Y4",Corporation,+1(905)482-3953,"MCCABE, JOSEPH VINCENT"
3465,AVID INSURANCE & RISK MANAGEMENT INC.,"401 BAY STREET, STE 1600, TORONTO, ONTARIO, CANADA, M5H 2Y4",Corporation,+1(416)410-1448,"BARKLEY, NANCY JANE"
4,AXION-TIMES,"301, LAKESHORE ROAD E, MISSISSAUGA, ONTARIO, CANADA, L5G 1H3",Corporation,905-274-4777,"ISSA, SAMIR STEPHEN"
4,BARDEAU INSURANCE-. BURLINGTON,"274, GARDENVIEW DRIVE, BURLINGTON, ONTARIO, CANADA, L7T 1K6",Corporation,,
144,BAYSIDE INSURANCE BROKERS LIMITED,"579, KINGSTON ROAD WEST, AJAX, ONTARIO, CANADA, L1S 6M1",Corporation,+1(905)683-7411,"DAVIDSON, WILLIAM J."
4,BELYER INSURANCE-TORONTO,"2100, ELLESMERE ROAD, SUITE 211D, TORONTO, ONTARIO, CANADA, M1H 3B7",Corporation,+1(800)679-2640,"MEYER, LEENDERT JOHN"
3142,BEST BUY INSURANCE BROKERS INC,"#208 - ONE ROSSLAND ROAD WEST, AJAX, ONTARIO, CANADA, L1Z 1Z2",Corporation,+1(905)683-3110,"VAN KEMPEN, GILLIAN"
4,BETHEL- MAPLE,"2, VANIA DRIVE, MAPLE, ONTARIO, CANADA, L6A 3X3",Corporation,647-241-9754,"WEST, PAUL VALENTINE"
4,BFL CANADA - KELOWNA,"108 - 347, LEON AVENUE, KELOWNA, BRITISH COLUMBIA, CANADA, V1Y 8C7",Corporation,,"LEE, JACK ERNEST"
3274,BFL CANADA INSURANCE SERVICES INC.,"1177, WEST HASTINGS STREET, SUITE 200, VANCOUVER, BRITISH COLUMBIA, CANADA, V1W",Corporation,+1(604)669-9600,"LEE, JACK ERNEST"
2742,BFL CANADA RISK AND INSURANCE SERVICES INC.,"181, UNIVERSITY AVENUE, SUITE #1700, TORONTO, ONTARIO, CANADA, M5H 3M7",Corporation,+1(416)599-5530,"LEE, JACK ERNEST"
4,BICKERTON INS- GANANOQUE,"170, KING ST EAST, GANANOQUE, ONTARIO, CANADA, K7G 1G2",Corporation,613-382-2131,"STANTON, DONALD BRUCE"
4095,BILLYARD- BOLTON,"12621, 50 HWY, 2, BOLTON, ONTARIO, CANADA, L7E 1M4",Corporation,,
4094,BILLYARD- BRAMPTON,"350, RUTHERFORD S RD, 222, PLAZA 2, BRAMPTON, ONTARIO, CANADA, L6W 4N6",Corporation,,
4,BILLYARD- OAKVILLE,"214-215 , DUNDAS STREET W., OAKVILLE, ONTARIO, CANADA, L6M 1L9",Corporation,,
3504,BITACOLA INSURANCE BROKERS INC,"11822 TECUMSEH ROAD EAST, UNIT A, TECUMSEH, ONTARIO, CANADA, N8N 1L7",Corporation,+1(519)956-9676,"MEYER, LEENDERT JOHN"
4067,BOXX INSURANCE INC.,"20 TORONTO ST, STE 420, TORONTO, ONTARIO, CANADA, M5C 2B8",Wholesaler / MGA,+1(647)502-4279,"LEE, JACK ERNEST"
4097,BRAD MATE INSURANCE INC.,"6251, O'NEIL ST, 1, NIAGARA FALLS, ONTARIO, CANADA, L2J 1M6",Corporation,+1(905)394-0876,"MCCABE, JOSEPH VINCENT"
246,BRECKLES GROUP OF COMPANIES INC.,"85 ENTERPRISE BLVD, STE 401, MARKHAM, ONTARIO, CANADA, L6G 0B5",Corporation,+1(905)752-4747,"MALIK, BEN"
3841,BRIDGES INTERNATIONAL INSURANCE SERVICES INC.,"151 BLOOR ST WEST, STE 850, TORONTO, ONTARIO, CANADA, M5S 1S4",Corporation,+1(647)349-7101,"MOROHASHI, TOMIO"
4033,BRIDGEWAY INSURANCE INC.,"101 - 177, MANITOBA STREET, BRACEBRIDGE, ONTARIO, CANADA, P1L 1S3",Corporation,+1(705)645-1980,"CLARKE, DOUGLAS DAMON"
4,BROKERFORCE-TORONTO(DUNDAS W),"1501, DUNDAS STREET WEST, TORONTO, ONTARIO, CANADA, M6K 1T6",Corporation,416-533-3565,"FRASER, JOHN SCOTT"
2472,BROKERS TRUST INSURANCE GROUP INC.,"2780 HIGHWAY 7, SUITE 201, CONCORD, ONTARIO, CANADA, L4K 3R9",Corporation,+1(905)760-1515,"BERTOLIN, DAVID J."
4,BROKERS TRUST- TORONTO,"55, BERNICE CRESCENT, TORONTO, ONTARIO, CANADA, M6N 1W7",Corporation,416-762-8624,"BERTOLIN, DAVID J."
4010,"BROWN & BROWN PROGRAMS (CA), INC.","700 DORVAL DRIVE, STE 300, OAKVILLE, ONTARIO, CANADA, L6K 3V3",Corporation,+1(289)259-2610,"DA SILVA, LANA SUE"
3424,BRUNI INSURANCE BROKERS INC.,"147, CARLYLE CRESCENT, AURORA, ONTARIO, CANADA, L4G 5P8",Corporation,+1(905)773-9800,"MCCABE, JOSEPH VINCENT"
846,BULGER & GRAY INSURANCE BROKERS LTD.,"14, KING STREET EAST, BOX 183, MILLBROOK, ONTARIO, CANADA, L0A 1G0",Corporation,+1(705)932-2734,"GRAY, SCOTT"
4,BURNS -WILCOX - NOVA SCOTIA,"103-287 , LACEWOOD DRIVE, SUITE #169, HALIFAX, NOVA SCOTIA, CANADA, B3M 3Y7",Wholesaler / MGA,902 830 3932,"TROUT, ROBERT WILLIAM"
2444,C.A. BRUCE INSURANCE BROKER LTD.,"273, RAGLAN STREET SOUTH, P.O. BOX 931, RENFREW, ONTARIO, CANADA, K7V 4H3",Corporation,+1(613)432-2276,"BRUCE, CAIRINE ANN"
2748,CADE ASSOCIATES INSURANCE BROKERS LIMITED,"4800, DUNDAS STREET WEST, SUITE 101, ETOBICOKE, ONTARIO, CANADA, M9A 1B1",Corporation,+1(416)234-9980,"CADE-FRASER, DARLENE MARGARET"
14,CAMBRIAN BOUSQUET,"153, ARTHUR STREET, MANITOWANING, ONTARIO, CANADA, P0P 1NO",Corporation,705-859-3744,"SMITH, JAMES FRANKLIN"
4,CAMBRIAN-COCHRANE,"4, 3RD AVENUE, COCHRANE, ONTARIO, CANADA, P0L 1C0",Corporation,705-272-5979,"SMITH, JAMES FRANKLIN"
44,CAN BROKERLINK-BARRIE,"65, MARY STREET, BARRIE, ONTARIO, CANADA, L4N 1T2",Corporation,705-728-9921,
24,CAN BROKERLINK-ELLIOT LAKE,"9, COLUMBIA WALK, BOX 579, ELLIOT LAKE, ONTARIO, CANADA, P5A 2J9",Corporation,800-567-1541,
40,CAN BROKERLINK-INGERSOLL,"45, KING ST EAST, INGERSOLL, ONTARIO, CANADA, N5C 1G5",Corporation,519-485-3190,
34,CAN BROKERLINK-LONDON,"69, WELLINGTON STREET, Unit A, LONDON, ONTARIO, CANADA, N6B 2K4",Corporation,519-434-1955,
45,CAN BROKERLINK-MANOTICK,"5494, MAIN STREET, P.O. BOX 816, 1ST FLOOR, MANOTICK, ONTARIO, CANADA, K4M 1A2",Corporation,877-496-3737,
64,CAN BROKERLINK-MEAFORD,"48, SYKES STREET NORTH, MEAFORD, ONTARIO, CANADA, N4L 1A5",Corporation,519-538-2670,
42,CAN BROKERLINK-MIDLAND,"341, KING STREET, MIDLAND, ONTARIO, CANADA, L4R 3M7",Corporation,877-794-2546,
47,CAN BROKERLINK-OAKVILLE,"2421, BRISTOL CIRCLE, UNIT #203-C, OAKVILLE, ONTARIO, CANADA, L6H 5S9",Corporation,877-273-9017,
48,CAN BROKERLINK-ORLEANS,"3009, ST. JOSEPH BLVD., SUITE #101, ORLEANS, ONTARIO, CANADA, K1E 1E1",Corporation,613-837-1060,
43,CAN BROKERLINK-OTTAWA,"806, GREENBANK ROAD, OTTAWA, ONTARIO, CANADA, K2J 1A2",Corporation,877-791-1682,
49,CAN BROKERLINK-OTTAWA 2,"6, ANTARES DRIVE, PHASE III, OTTAWA, ONTARIO, CANADA, K2E 7Y9",Corporation,613-596-9697,
54,CAN BROKERLINK-SCARBOROUGH,"48, YONGE ST, 700, TORONTO, ONTARIO, CANADA, M5E 1G6",Corporation,+1(416)860-5267,
94,CAN BROKERLINK-STEVENSVILLE,"3701, MAIN STREET EAST, P.O. BOX 100, STEVENSVILLE, ONTARIO, CANADA, L0S 1S0",Corporation,905-382-2431,"No Principal Broker,"
4,CAN BROKERLINK-TERRACE BAY,"37B SIMCOE PLAZA, P.O. BOX 820, TERRACE BAY, ONTARIO, CANADA, P0T 2W0",Corporation,888-842-3228,
41,CAN BROKERLINK-WINDSOR,"2570, DOUGALL AVE, WINDSOR, ONTARIO, CANADA, N8X 1T6",Corporation,519-969-5910,
4088,Canadian Access Insurance Services Inc.,"11, BOND ST, 105, ST CATHARINES, ONTARIO, CANADA, L2R 4Z4",Corporation,+()905-988-8989,"ELLIOT, RODNEY JAMES"
2774,CANADIAN FINANCIAL INSURANCE BROKERS LTD.,"3539, STEDFORD ROAD, OAKVILLE, ONTARIO, CANADA, L6L 6G1",Corporation,+1(905)469-8096,"ASTON, CLIVE COCKAYNE"
2495,CANADIAN INSURANCE BROKERS INC,"ONE EGLINTON AVENUE EAST, SUITE 415, TORONTO, ONTARIO, CANADA, M4P 3A1",Corporation,+1(416)486-0951,"DA SILVA, MARY-JO (JOSIE)"
4110,CANAM INSURANCE SERVICES (2018) LIMITED,"3430, WHEELTON DR, WINDSOR, ONTARIO, CANADA, N8W 5A7",Corporation,+()519-974-5995,"SAVAGE, STEPHEN HARRIS"
4154,CANOPY INSURANCE AGENCY INC.,"4170, STILL CREEK DR, SUITE 200, BURNABY, BRITISH COLUMBIA, CANADA, V5C 6C6",Corporation,+()801-763-1375,"VAN LEEUWEN, CHRIS DEMAN"
4020,CANTRUST CANADA INS SERVICES O/B 10396460 CANADA INC.,"3640 VICTORIA PARK AVE, STE 301, NORTH YORK, ONTARIO, CANADA, M2H 3B2",Corporation,+1(416)817-5555,"MANN, PRITPAL SINGH ""PAUL"""
4,CARRUTHERS NICOL - FLESHERTON,"18, SYDENHAM STREET , , FLESHERTON, ONTARIO, CA",Corporation,519-924-2940,"NICOL, KRISTY LOUISE"
4137,CASE INSURANCE BROKERS INC.,"336, MILLWOOD RD, TORONTO, ONTARIO, CANADA, M4S 1K1",Corporation,+()416-659-7231,"MCCABE, JOSEPH VINCENT"
4,CATLIN-TORONTO,,Wholesaler / MGA,,"JOYCE, GREGORY JOHN"
4,CAUSEWAY GENERAL- KENORA,"1421B MAIN STREET SOUTH, KENORA, ONTARIO, CANADA, P9N 1M1",Corporation,807-468-8646,"ANDERSON, TERRY VAUGHN"
234,CHARLES E BOYD LIMITED,"240, MAIN STREET SOUTH, NEWMARKET, ONTARIO, CANADA, L3Y 3Z5",Corporation,+1(905)895-4517,"BOYD, EDWARD ALLAN"
401,CHATSWORTH INSURANCE BROKERS LIMITED,"1230, 2ND E AVE, OWEN SOUND, ONTARIO, CANADA, N4K 2J3",Corporation,+1(519)372-1533,"GRAHLMAN, DOUGLAS JOHN"
407,CHOICE INSURANCE BROKERS INC.,"225, INDUSTRIAL PARKWAY SOUTH, SUITE 2A, AURORA, ONTARIO, CANADA, L4G 3V5",Corporation,+1(905)841-3000,"COLLYER, WILLIAM E."
1482,CHRIS F. MELLOR INSURANCE BROKERS LIMITED,"1315, LAWRENCE AVENUE EAST, SUITE 303, DON MILLS, ONTARIO, CANADA, M3A 3R3",Corporation,+1(416)444-4405,"MELLOR-HARRIS, CAROL"
3458,CIS CANADIAN INSURANCE SERVICES CORP.,"3600, RHODES DRIVE, WINDSOR, ONTARIO, CANADA, N8W 5A4",Corporation,519-945-9935,"SAVAGE, STEPHEN HARRIS"
418,CLAREMONT MISSISSAUGA INSURANCE BROKERS INC.,"160, KING STREET EAST, MISSISSAUGA, ONTARIO, CANADA, L5A 1T2",Corporation,+1(905)272-0400,"CLAREMONT, FRANK G."
420,CLARKE-SLIGHTE INSURANCE BROKERS LIMITED,"53, OLD KINGSTON ROAD, WEST HILL, ONTARIO, CANADA, M1E 3J7",Corporation,+1(416)281-6266,"SLIGHTE, ROBERT PAUL"
4085,ClearCut Insurance O/B 2599442 Ontario Ltd.,"1599, HURONTARIO ST, STE 205, MISSISSAUGA, ONTARIO, CANADA, L5G 4S1",Corporation,+1(905)834-7722,"BULL, ZACH E."
3490,CLOVER INSURANCE BROKERS,"3800, STEELES W AVE, 201E, WOODBRIDGE, ONTARIO, CANADA, L4L 4G9",Partnership,+1(905)851-7774,"COCCIA, JOSEPH J"
3648,CNJ INSURANCE & RISK MANAGED SOLUTIONS INC.,"2150, WINSTON PARK DRIVE, SUITE #201, OAKVILLE, ONTARIO, CANADA, L6H 5V1",Corporation,+1(905)829-0097,"DEERIN, JON-PAUL"
437,COBURN INSURANCE BROKERS LTD.,"114, MAIN STREET SOUTH, BOX 209, MOUNT FOREST, ONTARIO, CANADA, N0G 2L0",Corporation,+1(519)323-2841,"COBURN, ANDREW J."
438,COCKBURN & SONS INSURANCE BROKERS INC.,"1315, LAWRENCE AVENUE EAST, SUITE #406, TORONTO, ONTARIO, CANADA, M3A 3R3",Corporation,+1(416)445-8046,"COCKBURN, IAN DONALD PATRICK"
440,COFFEY BROTHERS INSURANCE BROKERS LTD.,"27, FIRST STREET, ORANGEVILLE, ONTARIO, CANADA, L9W 2C8",Corporation,+1(519)942-2422,"COFFEY, JOSEPH ANTHONY"
3849,COMBIUS INSURANCE INC.,"187, Main Street South, Unit 205-207, NEWMARKET, ONTARIO, CANADA, L3Y 3Y9",Corporation,+1(647)223-8325,"MORRIS, PETER ROBERTSON"
450,COMMERCIAL INSURANCE BROKERS INC.,"56, ABERFOYLE CRESCENT, SUITE #820, TORONTO, ONTARIO, CANADA, M8X 2W4",Corporation,+1(416)239-8418,"GOLDBAUM, JOSE"
4,CONDOTTA MERRETT - N.O.T.L.,"333, MARY LANE, NIAGRA FALLS, ONTARIO, CANADA,",Corporation,,"CONDOTTA, AMEDEO ARTHUR"
454,"CONDOTTA, MERRETT & COMPANY INSURANCE BROKERS INC.","3770, MONTROSE ROAD, MOUNT CARMEL PLAZA, NIAGARA FALLS, ONTARIO, CANADA, L2H 3K3",Corporation,+1(905)357-3006,"CONDOTTA, AMEDEO ARTHUR"
455,CONESTOGA INSURANCE BROKERS LIMITED,"731, KING E ST, CAMBRIDGE, ONTARIO, CANADA, N3H 3N8",Corporation,+1(519)653-1134,"DUROCHER, MATTHEW ROBERT FRANK"
4071,CONNEX INSURANCE BROKERS LTD.,"7050 BRAMALEA ROAD, STE 12, MISSISSAUGA, ONTARIO, CANADA, L5S 1T1",Corporation,+1(905)564-2222,"LEMMON, PAUL"
457,CONSOLIDATED INSURANCE BROKERS LIMITED,"6, LANSING SQUARE, SUITE #220, TORONTO, ONTARIO, CANADA, M2J 1T5",Corporation,+1(416)446-7423,"HOMIAK, NICHOLAS KARL"
3146,CORPORATE PROTECTION GROUP INC.,"100, EXCHANGE DR, 7, BRAMPTON, ONTARIO, CANADA, L6S 0C8",Corporation,+1(905)796-5444,"THORNE, BRUCE R"
4,COWAN INS- WOODSTOCK,"573, DUNDAS STREET, WOODSTOCK, ONTARIO, CANADA, N4S 1C6",Corporation,519-537-2379,"SHEEDY, MATTHEW C."
4,CRAIG MCDONALD-COLLINGWOOD,"192, FIRST STREET, COLLINGWOOD, ONTARIO, CANADA, L9Y 1A7",Corporation,705-443-8388,"REDDON, MATTHEW RYAN"
483,"CRAIG, MCDONALD, REDDON INSURANCE BROKERS LTD","12, COLBORNE S ST, WALKERTON, ONTARIO, CANADA, N0G 2V0",Corporation,+1(519)364-3540,"REDDON, MATTHEW RYAN"
486,CRAWFORD & DANYLUK INSURANCE BROKERS LIMITED,"2681, GIDEON DRIVE, DELAWARE, ONTARIO, CANADA, N0L 1E0",Corporation,+1(519)652-3201,"FALLOWFIELD, CATHERINE A."
4098,CREDITEUREKA O/B 1161642 B.C. LTD.,"1, UNIVERSITY AVE, 3RD FLOOR, TORONTO, ONTARIO, CANADA, M5J 2P1",Corporation,+1(289)675-8719,"VAILLANCOURT, BEVERLEY ANNE"
493,CREWSON INSURANCE BROKERS LIMITED,"110, ADELINE STREET, SHELBURNE, ONTARIO, CANADA, L9V 3J8",Corporation,+1(519)925-3145,"CREWSON, EDWARD JOHN THOMAS"
2947,CROSS BORDER UNDERWRITING SERVICES INC.,"20, DUNDAS STREET WEST, SUITE #910, TORONTO, ONTARIO, CANADA, M5G 2C2",Corporation,+1(416)597-4626,"TINKER, MICHAEL C."
3547,CULTUREONE INC.,"25 Adelaide Street East, Suite 500, Toronto, ON, Canada, M5C 3A1",Corporation,416-642-3294,"BEATTY, STEVEN A."
184,D.G. BEVAN INSURANCE BROKERS LTD.,"#6 - 166 SAUNDERS ROAD, BARRIE, ONTARIO, CANADA, L4N 9A4",Corporation,+1(705)726-3381,"MCGREGOR, RAY"
564,D.L. DEEKS INSURANCE SERVICES INC.,"500 - 90, ALLSTATE PARKWAY, MARKHAM, ONTARIO, CANADA, L3R 6H3",Corporation,+1(905)479-7322,"LAPALME, RANDALL S."
4,DALTON TIMMIS-MISSISSAUGA2,"1 PROLOGIS BLVD, STE 101, MISSISSAUGA, ONTARIO, CANADA, L5W 0G2",Corporation,905-826-3215,"TIMMIS, BRIAN EDWARD"
542,DARLING INSURANCE AND REALTY LIMITED,"193, AYLMER ST NORTH, P.O. BOX 385, PETERBOROUGH, ONTARIO, CANADA, K9J 6Z3",Corporation,+1(705)742-4245,"BLODGETT, PETER DARREL"
4086,DAS LEGAL PROTECTION INC.,"390, BAY ST, SUITE 1610, TORONTO, ONTARIO, CANADA, M5H 2Y2",Wholesaler / MGA,+(416)342-5400,"SMAGATA, DAVID"
460,DAVID H. COONS INSURANCE BROKERS LIMITED,"574, BRANT STREET, BURLINGTON, ONTARIO, CANADA, L7R 2G8",Corporation,+1(905)632-2305,"COONS, CHRISTOPHER BRENT"
549,DAVIS & MCLAY INSURANCE BROKERS LIMITED,"BOX 12, R.R. #1, 2845 HWY #6, LION'S HEAD, ONTARIO, CANADA, N0H 1W0",Corporation,+1(519)793-3322,"GRAHLMAN, DOUGLAS JOHN"
2481,DE COSSE INSURANCE AGENCIES INC.,"860, POIRIER STREET, ST LAURENT, QUEBEC, CANADA, H4L 1G3",Corporation,+1(514)744-4995,"DE COSSE, CLAUDE"
3904,DIAMOND INSURANCE GROUP INC.,"12577, AIRPORT ROAD, CALEDON, ONTARIO, CANADA, L7C 2X4",Corporation,+1(416)768-5460,"MCCABE, JOSEPH VINCENT"
2724,DIRECT BUY INSURANCE BROKERS INC.,"2 - 105, WEST BEAVER CREEK RD, RICHMOND HILL, ONTARIO, CANADA, L4B 1C6",Corporation,+1(905)764-2886,"SMITH, JOHN-DAVID"
2994,DIRECT-LINK INSURANCE SERVICES INC.,"1211, GORHAM STREET, UNIT #2, NEWMARKET, ONTARIO, CANADA, L3Y 8Y3",Corporation,+1(905)952-3370,"SHANTZ, ROBERT BRADLEY"
3284,DIRECTORS GLOBAL INSURANCE BROKERS LTD.,"16, FOUR SEASONS PLACE, UNIT 110, TORONTO, ONTARIO, CANADA, M9B 6E5",Corporation,416-241-2887,"MALLORY, STEPHEN JOHN"
4159,DIRECTORS GLOBAL RISK CONSULTING INC.,"31, BEMERSYDE DR, ETOBICOKE, ONTARIO, CANADA, M9A 2S9",Consultant,+()416-660-1365,"MALLORY, STEPHEN JOHN"
4,DOUG WHITLEY INS-DESERONTO,"85, CENTRE STREET, DESERONTO, ONTARIO, CANADA, K0K 1X0",Corporation,613-396-2312,"CLARKE, LORIS JEANETTE"
4,DPM - BLENHEIM,"24, MARLBOROUGH STREET, PO BOX 479, BLENHEIM, ONTARIO, CANADA, N0P 1A0",Partnership,519-676-8159,"FERRISS, TIMOTHY"
2421,DPM INSURANCE GROUP,"65, KING STREET, P.O. BOX 790, HARROW, ONTARIO, CANADA, N0P 1G0",Partnership,+1(519)738-2277,"FERRISS, TIMOTHY"
4011,DREAM INSURANCE BROKERS INC.,"16 McAdam Avenue, Unit #1, North York, Ontario, Canada, M6A 0B9",Corporation,+1(833)553-7326,"DOUGLAS, GAVIN ANDRE SEATON"
3784,DUAL COMMERCIAL (CANADA) INC.,"1 DUNDAS ST WEST, STE 2500, TORONTO, ONTARIO, CANADA, M5G 1Z3",Wholesaler / MGA,+1(416)304-9058,"HOYT, PHILLIP DALE"
640,DUNLOP INSURANCE LIMITED,"500, GUELPH STREET, BOX 160, HALTON HILLS (NORVAL), ONTARIO, CANADA, L0P 1K0",Corporation,+1(905)877-5101,"DUNLOP, BARRY LAIDLAW"
647,DUROCHER & TREPANIER LIMITED,"400, NOTRE DAME, BOX 399, BELLE RIVER, ONTARIO, CANADA, N0R 1A0",Corporation,+1(519)728-1780,"TREPANIER, SANDRA LOUISE"
654,EADY INSURANCE & FINANCIAL SERVICES INC,"29, RAGLAN STREET SOUTH, RENFREW, ONTARIO, CANADA, K7V 1P8",Corporation,+1(613)432-8543,"EADY, MORRIS M.A."
3394,EAGEN INSURANCE BROKERS INC.,"5940, TECUMSEH ROAD EAST, WINDSOR, ONTARIO, CANADA, N8T 1E3",Corporation,+1(519)988-0888,"MCCABE, JOSEPH VINCENT"
3245,EDGEHILL INSURANCE BROKERS LTD,"157, ADELAIDE W ST, SUITE #507, TORONTO, ONTARIO, CANADA, M5H 4E7",Corporation,+1(416)915-3425,"HULL, PATRICIA"
4,EGR - MERCIER ASSURANCES,"153, BOU LAURIER SS 1, LAURIER-STATION, QUEBEC, CANADA, G0S 1N0",Corporation,418-728-2027,"SHELDON, PAUL KENNETH"
4,EMMERSON INSURANCE GROUP,,Corporation,,"HARE, DAVID JAMES"
3048,ENCORE INSURANCE SERVICES INC.,"30 DUKE ST WEST, STE 405, KITCHENER, ONTARIO, CANADA, N2H 3W5",Corporation,+1(519)579-9478,"DALTON, RONALD SCOT"
4,ENSURCO INSURANCE- CONCORD,"60, PIPPIN ROAD, #34, CONCORD, ONTARIO, CANADA, L4K 4Y8",Corporation,416-398-0080,"FARAONE, CARLO ANTHONY"
473,ENSURCO INSURANCE GROUP INC.,"121, ROBINSON ST., MARKHAM, ONTARIO, CANADA, L3P 1P2",Corporation,+1(905)471-3100,"FARAONE, CARLO ANTHONY"
4117,EON INSURANCE INC.,"3950, 14TH AVE, UNIT 202, MARKHAM, ONTARIO, CANADA, L3R 0A9",Corporation,+()416-716-3226,"HUI, LOUISA WAI-SUM"
1054,ERNEST G.W. JACOBS INSURANCE BROKER,"1050, MORRISON DRIVE, 3RD FLOOR, OTTAWA, ONTARIO, CANADA, K2H 8K7",Sole Proprietor,+1(613)594-2873,"JACOBS, ERNEST GEORGE W."
2478,ERNEST R.J. BONDY INSURANCE BROKER (1991) LTD.,"1301, FRONT ROAD, LASALLE, ONTARIO, CANADA, N9J 2A9",Corporation,+1(519)734-8001,"BONDY, MARC ANDRE"
3546,ESTATE RISK PROTECTION PLAN INC.,"30, DUKE ST WEST, SUITE #405, KITCHENER, ONTARIO, CANADA, N2H 3W5",Corporation,+1(855)636-3777,"DALTON, RONALD SCOT"
4,ETHERINGTON INS - LONDON,"252, ENSIGN CRESCENT, LONDON, , CANADA,",Corporation,,
2864,EXPO INSURANCE BROKER INC.,"5484, TOMKEN ROAD, UNIT # 9, MISSISSAUGA, ONTARIO, CANADA, L4W 2Z6",Corporation,+1(905)212-7007,"TABOROWSKI, THOMAS G."
479,F.E. COYNE INSURANCE BROKERS LIMITED,"164, DIVISION ST, WELLAND, ONTARIO, CANADA, L3B 4A2",Corporation,+1(905)735-0970,"HENDRIKS, ALBERT"
1497,FABBRO & DOUGLAS INSURANCE BROKERS LTD.,"42, ARNOLD CRESCENT, RICHMOND HILL, ONTARIO, CANADA, L4C 3R5",Corporation,+1(905)508-2040,"FABBRO, OLIVER P"
4109,FAIRFIELD INSURANCE BROKERS INC.,"10, HAWTHORNE RD, UNIT 4, LONDON, ONTARIO, CANADA, N6G 2H5",Corporation,+()519-871-9985,"MCPHEE, MICHAEL JOSEPH SCOTT"
3040,FCT INSURANCE SERVICES INC.,"595, BAY STREET, SUITE 900, TORONTO, ONTARIO, CANADA, M5G 2E3",Corporation,+1(416)597-0008,"GELSTON, JOHN WILLIAM"
3244,FENA INSURANCE SOLUTIONS INC.,"4850, DORCHESTER ROAD, NIAGARA FALLS, ONTARIO, CANADA, L2E 6N9",Corporation,+1(905)356-3362,"MURACO, JACK ANTHONY"
724,"FIRSTBROOK, CASSIE & ANDERSON LIMITED","1867, YONGE STREET, SUITE #300, TORONTO, ONTARIO, CANADA, M4S 1Y5",Corporation,+1(416)486-1421,"OSBOURNE, ROBERT ANDREW"
4082,FIRSTONTARIO INSURANCE BROKERS INC.,"2000 GARTH STREET, SUITE L100, HAMILTON, ONTARIO, CANADA, L9B 0C1",Corporation,+1(905)385-3642,"VOSSELER, ROBERT"
3435,FIVE STAR INSURANCE BROKERS LTD,"270, ORENDA ROAD, SUITE 200, BRAMPTON, ONTARIO, CANADA, L6T 4X6",Corporation,+1(905)459-0555,"PURJE, EERIK"
2480,FORT FINANCIAL GROUP INC.,"4, CAR WESTMOUNT, SUITE 200, WESTMOUNT, QUEBEC, CANADA, H3Z 2S6",Corporation,+1(514)481-0481,"BERNATCHEZ, STEPHAN"
4009,FOXQUILT INSURANCE SERVICES INC.,"3600 STEELES AVE EAST,, SUITE A-C ATRIUM, MARKHAM, ONTARIO, CANADA, L3R 9Z7",Corporation,+1(647)223-8325,"MORRIS, PETER ROBERTSON"
476,FRANK COWAN COMPANY LIMITED,"75, MAIN STREET NORTH, PRINCETON, ONTARIO, CANADA, N0J 1V0",Corporation,+1(519)458-4331,"SHEEDY, MATTHEW C."
3440,FRITH INSURANCE BROKERS INC.,"17817 LESLIE ST, STE 36, NEWMARKET, ONTARIO, CANADA, L3Y 8C6",Corporation,+1(905)895-5700,"MCCABE, JOSEPH VINCENT"
3436,FRONT ROW INSURANCE BROKERS INC.,"25, ADELAIDE E ST, 500, TORONTO, ONTARIO, CANADA, M5C 3A1",Corporation,+1(416)642-5200,"SCHLEIFER, DAMIAN DAVID"
1491,FSB GROUP LTD.,"385, CONNIE CRESCENT, CONCORD, ONTARIO, CANADA, L4K 5R2",Corporation,+1(905)731-5177,"BROWN, PAUL"
4,G&B ALLEN-COBOURG,"2 STRATHY ROAD,BOX #2,COMPT #7, COBOURG, ONTARIO, CANADA, K9A 5J3",Corporation,416-372-4207,"ALLEN, BRYCE PETER DUNCAN"
3641,GAME DAY INSURANCE INC.,"435 MCNEILLY ROAD, STE 203, STONEY CREEK, ONTARIO, CANADA, L8E 5E3",Wholesaler / MGA,+1(905)575-1122,"HOGAN, PATRICK FLOYD"
3794,GERALD SHTULL & ASSOCIATES O/B 3322653 CANADA INC.,"433 CHABANEL WEST, NORTH TW 1107, MONTREAL, QUEBEC, CANADA, H2N 2J9",Corporation,+1(514)939-6226,"SHTULL, JEFFREY"
3437,GIBB INSURANCE BROKERS INC.,"535, SANDWICH ST SOUTH, UNIT #4, AMHERSTBURG, ONTARIO, CANADA, N9V3G5",Corporation,+1(519)736-8228,"GIBB, CHRISTOPHER JOSEPH"
794,GIFFEN PIERCE & SINCLAIR INSURANCE BROKERS LIMITED,"11, CENTRE STREET WEST, STRATHROY, ONTARIO, CANADA, N7G 1T5",Corporation,+1(519)245-3335,"SINCLAIR, D MURRAY"
804,GILLONS' INSURANCE BROKERS LTD.,"326, CHURCH STREET, FORT FRANCES, ONTARIO, CANADA, P9A 1E1",Corporation,+1(807)467-8800,"McDONALD, TRACY RAE"
4,GILLONS'-SIOUX LOOKOUT,"76, FRONT STREET, Box 114, SIOUX LOOKOUT, ONTARIO, CANADA, P8T 1B7",Corporation,807-737-1818,"McDONALD, TRACY RAE"
3469,GLOBAL CREDIT RISK MANAGEMENT INC.,"524, ROUGEMOUNT CRESCENT, OTTAWA, ONTARIO, CANADA, K4A 2Z8",Corporation,+1(613)702-5343,"MIDDLETON, ROBERT JOHN"
3514,GROUPONE INSURANCE SERVICES INC.,"50, LEEK CRESCENT, SUITE 101, RICHMOND HILL, ONTARIO, CANADA, L4B 4J3",Wholesaler / MGA,+1(905)305-0852,"FRANKLIN, ADELINE KAYLA DON"
874,GUTHRIE INSURANCE BROKERS LIMITED,"505, CONSUMERS RD, 308, NORTH YORK, ONTARIO, CANADA, M2J 4V8",Corporation,+1(416)487-5200,"GUTHRIE, W. RYAN"
472,GUY COUGHLIN INS AGENCY LTD. O/A COUGHLIN INSURANCE BROKERS,"4-1170 , TAYLOR AVENUE, WINNIPEG, MANITOBA, CANADA, R3M 3Z4",Corporation,+1(204)953-4600,"COUGHLIN, MATTHEW DANIEL"
2054,H.L. STAEBLER COMPANY LIMITED,"871, VICTORIA STREET NORTH, KITCHENER, ONTARIO, CANADA, N2B 3S4",Corporation,+1(519)743-5221,"MENDONCA, JOANNA KIRSTY"
3495,"HAGERTY CANADA, LLC","37, SANDIFORD DRIVE, SUITE #409, STOUFFVILLE, ONTARIO, CANADA, L4A 7Z4",Corporation,+1(877)922-9701,"FLOYD, CHRISTOPHER C."
934,HB GROUP INSURANCE MANAGEMENT LTD.,"5600, CANCROSS COURT, MISSISSAUGA, ONTARIO, CANADA, L5R 3E9",Corporation,+1(905)507-8660,"WATCHORN, DANIEL CLINTON"
4,HB GROUP- MONCTON,"10, RECORD STREET, MONCTON, NEW BRUNSWICK, CANADA, E1C 0B2",Corporation,506-853-1215,"WATCHORN, DANIEL CLINTON"
942,HEINSOO INSURANCE BROKERS LTD.,"958, BROADVIEW AVENUE, SUITE 202, TORONTO, ONTARIO, CANADA, M4K 2R6",Corporation,+1(416)461-0764,"HEINSOO, THOMAS HILLAR"
944,HEITMANN INSURANCE BROKERS INC.,"700, CHRISLEA ROAD, WOODBRIDGE, ONTARIO, CANADA, L4L 8K9",Corporation,905-850-2500,"HEITMANN, PETER"
2914,HENRY EQUESTRIAN INSURANCE BROKERS LTD.,"53, PROSPECT STREET, NEWMARKET, ONTARIO, CANADA, L3Y3T1",Corporation,+1(905)294-0722,"MCGLYNN, RANDOLPH BRENT"
2554,HIROC INSURANCE SERVICES LIMITED,"4711, YONGE STREET, SUITE 1600, TORONTO, ONTARIO, CANADA, M2N 6K8",Corporation,+1(416)733-4915,"BROWN, HEATHER L."
2741,HKMB CAPITAL SOLUTIONS CORP.,"595, BAY STREET, SUITE 900, BOX 81, TORONTO, ONTARIO, CANADA, M5G 2E3",Corporation,+1(416)597-4626,"TINKER, MICHAEL C."
74,HOLMAN - TORONTO,"24, RIDGEWOOD AVENUE, TORONTO, ONTARIO, CANADA,",Corporation,,"HOLMAN, PAUL DAVID"
14,HOLMAN-MAPLE (R20778),"15, VIA LANCIANO ST., MAPLE, ONTARIO, CANADA, L6A 3P5",Corporation,905-417-7402,"HOLMAN, PAUL DAVID"
4,HOLMAN-THORN HILL (28023),"8, CEDAR FOREST CRT., THORN HILL, ONTARIO, CANADA, L3T 2A4",Corporation,,"HOLMAN, PAUL DAVID"
2415,HOPE AND LEADER INSURANCE BROKERS INC.,"365, QUEEN STREET, P.O. BOX 479, PAISLEY, ONTARIO, CANADA, N0G 2N0",Corporation,+1(519)353-5200,"LEADER, JOHN ALVIN"
3734,HRT INSURANCE CONSULTING INC.,"83, HIGHLAND WOODS COURT, LONDON, ONTARIO, CANADA, N6C 5X2",Consultant,+1(519)851-7247,"TOTTEN, H ROSS"
4,HUB INTERNATIONAL- RED DEER,"204 - 780, 50 AVENUE, RED DEER, ALBERTA, CANADA, T4P 1M8",Corporation,+1(416)597-4626,"TINKER, MICHAEL C."
24,HUB INTERNATIONAL-LONDON,"101, CHERRYHILL BLVD., UNIT 201, LONDON, ONTARIO, CANADA, N6G4W3",Corporation,+1(519)333-5839,"TINKER, MICHAEL C."
4,HUB INTERNATIONAL-WHEATLEY,"25, ERIE ST SOUTH, WHEATLEY, ONTARIO, CANADA, N0P 2P0",Corporation,+1(416)597-4626,"TINKER, MICHAEL C."
4,HUDSON SHIER-BRACEBRIDGE,"177, MANITOBA STREET, SUITE 101, BRACEBRIDGE, ONTARIO, CANADA, P1L 1S3",Corporation,705-645-1980,"FREYMOND, JONATHAN ANDREW"
2846,HUDSON-HENDERSON INSURANCE BROKERS LTD.,"12269, HWY. 35, P.O. BOX 910, MINDEN, ONTARIO, CANADA, K0M 2K0",Corporation,+1(705)286-4727,"FREYMOND, JONATHAN ANDREW"
2422,HUGH WOOD CANADA LTD.,"4120, YONGE STREET, SUITE 201, TORONTO, ONTARIO, CANADA, M2P 2B8",Corporation,+1(416)229-6600,"POOLE, DOUGLAS RICHARD"
674,HUNT & DOPSON INSURANCE GROUP INC.,"1, WILLIAM ST EAST, P.O. BOX 428, SMITHS FALLS, ONTARIO, CANADA, K7A 1C1",Corporation,+1(613)283-7776,"HUNT, RODERICK JOHN"
2492,HURON VIEW INSURANCE BROKERS LTD.,"226 QUEEN ST,, UNIT G3, KINCARDINE, ONTARIO, CANADA, N2Z 2S5",Corporation,+1(519)396-0539,"SCOTT, JAMES RAYMOND"
2491,HUTCHESON REYNOLDS & CASWELL INS.BRKS.(BRACEBRIDGE) LIMITED,"95 MANITOBA STREET, BOX 2616, CROCKFORD BLDG, UNIT #8, BRACEBRIDGE, ONTARIO, CAN",Corporation,+1(705)645-8757,"CASWELL, ADAM"
1024,HUTCHESON REYNOLDS & CASWELL LTD,"27, MAIN STREET EAST, HUNTSVILLE, ONTARIO, CANADA, P1H 2C6",Corporation,+1(705)789-0101,"CASWELL, ADAM"
4,HWC PORT STANLEY,"289, BRIDGE STREET, PORT STANLEY, ONTARIO, CANADA, N5L 1C2",Corporation,519-782-3327,"SPRAGUE, TODD D."
3403,ICON INSURANCE BROKERS LTD.,"1920 YONGE ST, STE 106, TORONTO, ONTARIO, CANADA, M4S 3E2",Corporation,+1(416)312-1340,"MANOLAKOS, ANASTASIA"
2647,IMPACT INSURANCE BROKERS INC.,"1600, STEELES AVENUE WEST, SUITE 214, CONCORD, ONTARIO, CANADA, L4K 4M2",Corporation,+1(905)660-6170,"WASSER, HOWARD"
3564,INROADS INSURANCE BROKERS INC.,"450, BRONTE STREET SOUTH, UNIT 113, MILTON, ONTARIO, CANADA, L9T 8T2",Corporation,+1(905)299-7671,"MACDONALD, JAMES NORMAN D."
3464,INSURANCE INSIGHT INC.,"1333, DORVAL DRIVE, SUITE #102, OAKVILLE, ONTARIO, CANADA, L6M 4G2",Corporation,+1(905)766-4613,"SPROULE, DAVID MICHAEL"
1040,INSURANCE PORTFOLIO INC.,"10, MILNER BUSINESS COURT, SUITE 800, SCARBOROUGH, ONTARIO, CANADA, M1B 3C6",Corporation,+1(416)754-3910,"TYRWHITT, JENNIFER"
1041,INSURANCE UNLIMITED INSURANCE BROKERS INCORPORATED,"145, TRADERS BOULEVARD EAST, SUITE 45, MISSISSAUGA, ONTARIO, CANADA, L4Z 3L3",Corporation,+1(905)568-3430,"STANDON, ROBERT DOUGLAS"
2459,INSURANCELAND INC.,"2585, SKYMARK AVENUE, SUITE 300, MISSISSAUGA, ONTARIO, CANADA, L4W 5A6",Corporation,+1(905)238-0668,"HAINER, PETER BYRON JOHN"
4119,INSUREGO INC.,"1439, YOUVILLE DR, UNIT #1, ORLEANS, ONTARIO, CANADA, K1C 4M8",Corporation,+()844-678-7346,"CARROLL, RANDY DAVID"
4,INSUREIT GROUP- BARRIE,"556 BRYNE DRIVE, UNIT 17B, , BARRIE, ONTARIO, CANADA, L4N 9P6",Corporation,705-797-2103,"PALERMO, ANTHONY"
4084,INSURELINE BROKERS (METRO) INC.,"4040, STEELES W AVE, 206, WOODBRIDGE, ONTARIO, CANADA, L4L 4Y5",Corporation,+1(416)548-7939,"ST. MARTIN, GILBERT J."
4068,INSURELINE BROKERS (OPTIMA) INC.,"144 FRONT STREET WEST, STE 200, TORONTO, ONTARIO, CANADA, M5J 2L7",Corporation,+1(888)806-8090,"ALBANESE, DOMINIC"
3934,INSURELINE BROKERS INC.,"2636, SHAUGHNESSY STREET, PORT COQUITLAM, BRITISH COLUMBIA, CANADA, V3C 3G6",Corporation,+1(604)695-7678,"KANJI, ALY"
4015,INSUREMY INC.,"150, 1300 8TH STREET SW, CALGARY, ALBERTA, CANADA, T2R 1B2",Corporation,+1(587)323-8493,"MCTAVISH, HUGH G."
3804,INSUREU! BROKERS INC.,"125, TOPFLIGHT DRIVE, MISSISSAUGA, ONTARIO, CANADA, L5S 1Y1",Corporation,+1(289)401-1810,"MAKKAR, SANJAY"
3943,INSUREWISE BROKERAGE INC.,"#715- 18 WYNFORD DRIVE, NORTH YORK, ONTARIO, CANADA, M3C 3S2",Corporation,+1(416)383-0901,"MCCABE, JOSEPH VINCENT"
1047,INTERRE INSURANCE SERVICES LIMITED,"56, ABERFOYLE CRESCENT, SUITE #820, TORONTO, ONTARIO, CANADA, M8X 2W4",Corporation,+1(416)239-8418,"GOLDBAUM, JOSE"
3847,IQ INSURANCE SERVICES O/B IQ INSURANCE INC.,"380 - 260, GRANVILLE ST, VANCOUVER, BRITISH COLUMBIA, CANADA, V6H 3V3",Corporation,+1(416)543-2409,"PROVENZANO, TIMOTHY"
3433,IRIDIUM RISK SERVICES INC.,"1100, BOW VALLEY SQUARE 3, 255 FIFITH AVENUE SW, CALGARY, ALBERTA, CANADA, T2P 3",Corporation,403-263-9654,"SWIERSTRA, ROGER LEO"
3742,IRONSHORE CANADA LTD.,"333, BAY STREET, SUITE 1120, TORONTO, ONTARIO, CANADA, M5H 2R2",Wholesaler / MGA,416-216-2273,"REID, ANDREW FRASER"
1499,IRVING H MILLER LTD,"267, KING STREET, PRESCOTT, ONTARIO, CANADA, K0E 1T0",Corporation,+1(613)925-4238,"MARTYN, ROBERT GORDON JAMES"
1048,IRWIN SARGENT & LOWES LIMITED,"441, WATER ST, PO BOX 1210, PETERBOROUGH, ONTARIO, CANADA, K9J 7H4",Corporation,+1(705)742-3861,"SARGENT, TODD WILLIAM"
154,ISURE INSURANCE INC.,"7000, PINE VALLEY DRIVE, SUITE #101, WOODBRIDGE, ONTARIO, CANADA, L4L 4Y8",Corporation,+1(905)264-8550,"DAVIDSON, ROBERT DONALD"
4,IVES INS- AMHERSTBURG,"38, VICTORIA STREET S., AMHERSTBURG, ONTARIO, CANADA, N9V 2J8",Corporation,519-736-7805,"IVES, JEFFREY MICHAEL"
1049,IVES INSURANCE BROKERS LTD.,"347, MAIDSTONE AVE EAST, PO BOX 369, ESSEX, ONTARIO, CANADA, N8M 2Y4",Corporation,+1(519)776-7371,"IVES, JEFFREY MICHAEL"
1405,J. STEPHEN MCCANN INSURANCE BROKER LTD.,"221, JOHN STREET, P.O.BOX 600, EGANVILLE, ONTARIO, CANADA, K0J 1T0",Corporation,+1(613)628-2610,"PLOTZ, TERESA BERNADETTE"
1394,J.J.McATEER & ASSOCIATES INCORPORATED,"45, MCINTOSH DRIVE, MARKHAM, ONTARIO, CANADA, L3R 8C7",Corporation,+1(905)946-8655,"McATEER, JOHN J."
547,J.S. DAVIDSON INSURANCE BROKERS LIMITED,"579, KINGSTON ROAD WEST, AJAX, ONTARIO, CANADA, L1S 6M1",Corporation,+1(905)683-8986,"DAVIDSON, WILLIAM J."
548,J.W. DAVIS INSURANCE BROKERS LIMITED,"987, CLARKSON ROAD S, UNIT #100, MISSISSAUGA, ONTARIO, CANADA, L5J 2V8",Corporation,+1(905)822-9660,"MCKENZIE, ROXANNE"
4,JARDINE LLOYD- GPL ASSURANCE,"1550, RUE METCALFE, SUITE #902, MONTREAL, QUEBEC, CANADA, H3A 1X6",Corporation,450-978-4446,"DANIELS, CRISPIN"
1064,JEFFERY & SPENCE LIMITED,"130, PAISLEY STREET, GUELPH, ONTARIO, CANADA, N1H 2P1",Corporation,+1(519)822-0511,"DI RETO, JASON ENZO"
2471,JMHI INSURANCE GROUP INC.,"550, RICHMOND STREET, CHATHAM, ONTARIO, CANADA, N7M 1R3",Corporation,+1(226)312-2020,"GAUDRAULT, JOSEPH ""ERIC"" DANIEL"
2264,JOHN S. WALKINGTON GENERAL INSURANCE INC.,"11399 KEELE STREET, UNIT 6, MAPLE, ONTARIO, CANADA, L6A 4E1",Corporation,+1(905)833-5283,"CAMPBELL, MARK DEREK"
42,"JOHNSON- AMHERST, NS","55, VICTORIA STREET, AMHERST, NOVA SCOTIA, CANADA, B4H 1X4",Corporation,,
45,"JOHNSON- ANTIGONISH, NS","149 CHURCH ST, STE 2, ANTIGONISH, NOVA SCOTIA, CANADA, B2G 2E2",Corporation,,
1074,JOHNSON- CORNWALL,"108, SECOND E ST, 1, CORNWALL, ONTARIO, CANADA, K6H 0C9",Corporation,,
43,"JOHNSON- DIEPPE, NB","1040 CHAMPLAIN ST, STE 200, DIEPPE, NEW BRUNSWICK, CANADA, E1A 8L8",Corporation,,
41,"JOHNSON- EDMONTON, AB","11120, 178TH STREET, EDMONTON, ALABAMA, CANADA, T5S 5K6",Corporation,,
46,"JOHNSON- FREDERICTON, NB","650, MONTGOMERY ST, FREDERICTON, NEW BRUNSWICK, CANADA, E3B 5C8",Corporation,,
47,JOHNSON- GRANDFALLS-WINDSOR,"5A HARRIS AVE, GRANDFALLS-WINDSOR, NEWFOUNDLAND AND LABRADOR, CAN",Corporation,,
1074,JOHNSON INC.,"1595, 16TH AVENUE, SUITE #700, RICHMOND HILL, ONTARIO, CANADA, L4B 3S5",Corporation,+1(905)952-2602,"CLEVELAND-ILIFFE, JULIA K."
34,JOHNSON- KANATA,"471, HAZELDEAN ROAD, SUITE 7, KANATA, ONTARIO, CANADA, K2L 4B8",Corporation,,
48,JOHNSON- PORT AUX BASQUE,"27, GRAND BAY ROAD, PORT AUX BASQUES, NEWFOUNDLAND AND LABRADOR, CANAD",Corporation,,
44,"JOHNSON- STEPHENVILLE, NL","42 QUEEN ST, STE 125, STEPHENVILLE, NEWFOUNDLAND AND LABRADOR, CANADA, A",Corporation,,
40,"JOHNSON- SYDNEY, NS","325, PRINCE STREET, SYDNEY, NOVA SCOTIA, CANADA, B1P 5K6",Corporation,,
49,"JOHNSON-CORNER BROOK, NL","1 MOUNT BERNARD AVE, UPPER LEVEL, CORNER BROOK, NEWFOUNDLAND AND LABRADOR, CANAD",Corporation,,
14,JOHNSON-SHILLINGTON- LONDON,"561, SOUTHDALE ROAD E., UNIT 8A, LONDON, ONTARIO, CANADA, N6E 3M7",Corporation,519-681-9719,
4,JONES BROWN - STONEY CREEK,"435, MCNEILLY ROAD, SUITE 103, STONEY CREEK, ONTARIO, CANADA, L8E 5E3",Corporation,,"HAWKRIGG, JOHN RICHARD"
4,JONES DESLAURIER-COLLINGWOOD,"550, First Street, Unit 103, COLLINGWOOD, ONTARIO, CANADA, L9Y 1C1",Corporation,705-444-0065,"TOSTE, M. FATIMA"
2740,JONES DESLAURIERS INSURANCE MANAGEMENT INC.,"2375, SKYMARK AVENUE, MISSISSAUGA, ONTARIO, CANADA, L4W 4Y6",Corporation,416-259-4625,"TOSTE, M. FATIMA"
4,JOSSLIN - ELMIRA,"11, ARTHUR STREET SOUTH, ELMIRA, , CANADA,",Corporation,,"WAGLER, DONALD C"
4,JWK INSURANCE- BROOKLIN,"71, BALDWIN STREET, BROOKLIN, ONTARIO, CANADA, L1M 1A3",Corporation,905-425-0729,"KRUK, GREGORY R.J."
3347,KAFKA INSURANCE BROKERS LTD.,"2785, HOWARD AVENUE, WINDSOR, ONTARIO, CANADA, N8X 3X8",Corporation,+1(519)966-0714,"MCGREGOR, RAY"
4003,KBD INSURANCE INC. / ASSURANCE KBD INC.,"16766 RTE TRANSCANADIENNE, #501, KIRKLAND, QUEBEC, CANADA, H9H 4M7",Corporation,+1(514)636-0002,"COVENY KILLEN, CURTIS MICHAEL"
2942,KEITH STEWART INSURANCE LTD.,"376, ST CLAIR STREET, CHATHAM, ONTARIO, CANADA, N7L 3K2",Corporation,+1(519)352-6571,"STEWART, KEITH S"
1147,KIRBY & MASSON INSURANCE LTD.,"2378, HOLLYLANE DR, SUITE 203, OTTAWA, ONTARIO, CANADA, K1V 7P1",Corporation,+1(613)739-7562,"KIRBY, J. SCOTT"
3460,KMI BROKERS INC.,"1430, HURONTARIO STREET, UNIT A, MISSISSAUGA, ONTARIO, CANADA, L5G 3H4",Corporation,+1(905)486-0440,"KRATIUK, BEATA"
4099,KOCISKO J. INSURANCE BROKERS INC.,"614, RUE SAINT-JACQUES, 450, MONTREAL, QUEBEC, CANADA, H3C 1E2",Corporation,+()514-871-8000,"KOCISKO, TERRY JOSEPH"
4,KRG INSURANCE,"2450, VICTORIA PARK AVENUE, SUITE 700, TORONTO, ONTARIO, CANADA, M2J 4A2",Corporation,416-636-4544,"BABOUJIAN, ABRAHAM"
4147,KTX INSURANCE BROKERS INC.,"300, LINCOLN ST, UNIT #22, WELLAND, ONTARIO, CANADA, L3B 4N4",Corporation,+()416-351-2600,"MAY, DARRYL JAMES"
3047,KTX INSURANCE BROKERS LTD.,"300, LINCOLN ST, UNIT #22, WELLAND, ONTARIO, CANADA, L3B 4N4",Corporation,+1(416)351-2600,"MAY, DARRYL JAMES"
1480,L. MELKONIAN INSURANCE BROKERS INC.,"1955, CH DE LA COTE-DE-LIESSE, 201, SAINT-LAURENT, QUEBEC, CANADA, H4N 3A8",Corporation,+1(514)333-4630,"BOUTROS, MILAD"
1204,LANDRY MELLOW INSURANCE LTD.,"4, CLARA STREET, ORANGEVILLE, ONTARIO, CANADA, L9W 2H6",Corporation,+1(519)941-6001,"LANDRY, CHRISTOPHER TODD"
3243,LAREAU - COURTIERS D'ASSURANCE INC.,"4-707, RTE 219, NAPIERVILLE, QUEBEC, CANADA, J0J 1L0",Corporation,+1(450)245-3322,"SEGUIN, MATTHIEU"
4070,LES BELL INSURANCE BROKERS INC.,"46, ANN STREET, BRACEBRIDGE, ONTARIO, CANADA, P1L 2C1",Corporation,+1(705)646-9995,"MCCABE, JOSEPH VINCENT"
1246,LESLIE & GILES INSURANCE LIMITED,"19, SLAN AVENUE, SCARBOROUGH, ONTARIO, CANADA, M1G 3B1",Corporation,+1(416)289-4421,"RODGERS, JOHN S.M."
2400,LEVITT INSURANCE BROKERS LTD.,"1120, FINCH AVE WEST, SUITE #604, TORONTO, ONTARIO, CANADA, M3J 3H7",Corporation,+1(416)512-8060,"MOLDOVAN, MARCEL AUGUSTIN"
1479,LOUIS MEIER INSURANCE BROKERS LTD.,"160, CIDERMILL AVENUE, UNIT 5, CONCORD, ONTARIO, CANADA, L4K 4K5",Corporation,+1(416)398-2596,"BARKLEY, NANCY JANE"
1274,LUNDY INSURANCE INC.,"336, ST. CLAIR STREET, CHATHAM, ONTARIO, CANADA, N7L 3K1",Corporation,+1(519)352-6720,"LUNDY, JAMES ROBERT"
1549,LUSSIER DALE PARIZEAU INC.,"3601, HWY #7, SUITE #400, MARKHAM, ONTARIO, CANADA, L3R 0M3",Corporation,+1(819)503-4122,"METIVIER, MARIE-CLAUDE"
4,LUSSIER DALE PARIZEAU-SOREL,"80, AUGUSTA CRT, SOREL-TRACY, QUEBEC, CANADA, J3P 1A5",Corporation,,"METIVIER, MARIE-CLAUDE"
3472,M.C. CARROLL INSURANCE BROKERS INC.,"856, PEMBROKE ST EAST, PEMBROKE, ONTARIO, CANADA, K8A 3M2",Corporation,+1(613)735-2473,"EDMONDS, LISA"
4,MACLACHLAN-PARKHILL,"197, MAIN STREET , , PARKHILL, ONTARIO, CANADA",Corporation,519-294-6871,"HODGINS, KEVIN R"
4,MAGENTA INSURANCE,,Corporation,,"FAULCONER, DEREK"
2405,"MAIN, MUDIE, GOWAN &ASSOCIATES INSURANCE BROKERS INC.","1161, PELHAM ROAD, P.O. BOX 490, FONTHILL, ONTARIO, CANADA, L0S 1E0",Corporation,+1(905)892-5749,"MANNELLA, MARIO"
1324,MALLORY INSURANCE BROKERS LTD,"BOX 727, 45 COLLIER STREET, BARRIE, ONTARIO, CANADA, L4M 4Y5",Corporation,+1(705)728-6100,"MALLORY, DANIEL WILBERT"
1334,MANTHA INSURANCE BROKERS LIMITED,"295, MONTREAL ROAD, VANIER, ONTARIO, CANADA, K1L 6B8",Corporation,+1(613)746-1450,"MANTHA, FERNAND G"
3246,MARDON INSURANCE BROKERS (COQUITLAM) LTD.,"139-3000 , LOUGHEED HWY, WESTWOOD MALL, COQUITLAM, BRITISH COLUMBIA, CANADA, V3B",Corporation,604-464-1933,"GARRISON, GREGORY GLEN"
1342,MARHEN INSURANCE BROKERS LTD,"1100, SOUTH SERVICE ROAD, SUITE 217A, STONEY CREEK, ONTARIO, CANADA, L8E 0C5",Corporation,+1(416)255-3728,"MOOR, COLIN JEFFERY"
1344,MARKETOR INSURANCE BROKERS LTD,"10048, KEELE STREET, SUITE 201, MAPLE, ONTARIO, CANADA, L6A 1G3",Corporation,+1(905)832-1020,"DIPENTIMA, MARIO"
1347,MARLEAU BROS LIMITED,"111, MONTREAL ROAD, CORNWALL, ONTARIO, CANADA, K6H 1B2",Corporation,+1(613)932-0404,"LEFEBVRE, PIERRE"
4,MARSH- LONDON,"ONE LONDON PLACE, 255 QUEENS AVE, SUITE 2400, LONDON, ONTARIO, CANADA, N6A 5R8",Corporation,519-663-5061,"BERESFORD, LYNN LOUISE"
1354,MARSHALL & BULLOCH INSURANCE BROKERS LTD.,"41, COLBORNE STREET WEST, ORILLIA, ONTARIO, CANADA, L3V 2Y5",Corporation,+1(705)325-4234,"BULLOCH, VALERIE MAXINE"
2347,MARTIN & WRIGHT INSURANCE AND FINANCIAL SERVICES INC.,"2160, DUNWIN DR, 6, MISSISSAUGA, ONTARIO, CANADA, L5L 5M8",Corporation,+1(905)828-5544,"STAFFORD, GAIL ALISON"
4,MASTERS INS OTTAWA,"196, BRONSON AVENUE, STE 102, OTTAWA, ONTARIO, CANADA,",Corporation,,"CICCOLINI, MAX P."
4,mASTERS INS OTTAWA,"196, BRONSON AVENUE, 102, OTTTAWA, ONTARIO, CANADA,",Corporation,,"CICCOLINI, MAX P."
4,mASTERS INS OTTAWA,"196, BRONSON AVENUE, OTTAWA, ONTARIO, CANADA,",Corporation,,"CICCOLINI, MAX P."
4,MASTERS INSURANCE (OTTAWA),"255, MICHAEL COWPLAND DRIVE, UNIT 101-A, KANATA, ONTARIO, CANADA, K2M 0M5",Corporation,+1(905)738-4164,"CICCOLINI, MAX P."
3143,MASTERS INSURANCE (OTTAWA) LIMITED,"7501, KEELE STREET, SUITE #400, CONCORD, ONTARIO, CANADA, L4K 1Y2",Corporation,+1(905)738-4164,"CICCOLINI, MAX P."
4,MAY-MCCONVILLE INS- LUCKNOW,"634, CAMPBELL STREET, P.O. BOX 389, LUCKNOW, ONTARIO, CANADA, N0G 2H0",Corporation,519-528-3824,"SPROUL, DAVID"
1402,MCCALLUM & MISALE INSURANCE BROKERS LTD.,"549, STONECHURCH ROAD EAST, HAMILTON, ONTARIO, CANADA, L8W 3L2",Corporation,+1(905)385-3221,"MISALE, ANGELO"
1403,MCCAM INSURANCE BROKERS LIMITED,"292, KING STREET WEST, OSHAWA, ONTARIO, CANADA, L1J 2J9",Corporation,+1(905)579-0111,"MCINTOSH, RORIE SPENCE"
2845,MCCASLIN HORNE INSURANCE BROKERS INC.,"211, GUELPH STREET, SUITE #4, GEORGETOWN, ONTARIO, CANADA, L7G 5B5",Corporation,+1(905)877-8738,"MCCASLIN, GARY JOHN"
1407,MCCLELLAND INSURANCE BROKERS LIMITED,"350, RUTHERFORD ROAD SOUTH, SUITE 7, BRAMPTON, ONTARIO, CANADA, L6W 3P6",Corporation,+1(905)451-0755,"MCCLELLAND, JAMES ALLEN"
1413,MCCORMICK INSURANCE BROKERS LTD.,"3009, BRIDGEN ROAD, BRIDGEN, ONTARIO, CANADA, N0N 1B0",Corporation,+1(519)864-1293,"MCCORMICK, HEATH WAYNE"
1416,MCCULLOCH INSURANCE (1951) LTD.,"77, CENTRE STREET, SUITE 1, ESPANOLA, ONTARIO, CANADA, P5E 1S4",Corporation,+1(705)869-4333,"MCCULLOCH, ALLEN VICTOR ROBERT"
1418,MCCUTCHEON INSURANCE BROKERS INC.,"C/O MACKAY INSURANCE BROKERS INC, 211 DUNDAS STREET EAST, BELLEVILLE, ONTARIO, C",Corporation,+1(613)354-2555,"MACKAY, DAVID BRUCE"
1419,McDERMOTT INSURANCE BROKERS LIMITED,"14, VICTORIA STREET EAST, P.O. BOX 640, ALLISTON, ONTARIO, CANADA, L9R 1V8",Corporation,+1(705)435-5271,"FARQUHAR, ROBERT E."
1423,MCDONAGH INSURANCE BROKERS LTD.,"P.O. BOX 250, 573 CAMPBELL STREET, LUCKNOW, ONTARIO, CANADA, N0G 2H0",Corporation,+1(519)528-3423,"MCDONAGH, WAYNE EDWIN"
24,MCDOUGALL INS- CRYSLER,"12, QUEEN STREET, CRYSLER, ONTARIO, CANADA, K0A 1R0",Corporation,613-987-2117,"STANTON, DONALD BRUCE"
14,MCDOUGALL INS- NAPANEE,"90, INDUSTRIAL BLVD, NAPANEE, ONTARIO, CANADA, K7R 4B7",Corporation,613-254-2152,"STANTON, DONALD BRUCE"
1427,MCDOUGALL INSURANCE BROKERS LIMITED,"199 FRONT ST, STE 401, P.O. BOX 356, BELLEVILLE, ONTARIO, CANADA, K8N 5A6",Corporation,+1(613)966-7001,"STANTON, DONALD BRUCE"
4,MCDOUGALL-COBOURG,"951, ELGIN STREET WEST, P.O. BOX 187, COBOURG, ONTARIO, CANADA, K9A 4K5",Corporation,905-372-2776,"STANTON, DONALD BRUCE"
1431,MCFARLAN ROWLANDS INSURANCE BROKERS INC.,"503, YORK STREET, LONDON, ONTARIO, CANADA, N6B 1R4",Corporation,+1(519)679-5440,"HANCOCK, RODNEY DOUGLAS"
1431,MCFARLAN ROWLANDS-AYLMER,"84, JOHN STREET S., AYLMER, ONTARIO, CANADA, N5H 2C4",Corporation,+1(519)765-2930,"HANCOCK, RODNEY DOUGLAS"
1431,MCFARLAN ROWLANDS-DORCHESTER#2,"3, CALVERT PLACE , , DORCHESTER, ONTARIO, CANADA",Corporation,+1(519)268-7804,"HANCOCK, RODNEY DOUGLAS"
1431,MCFARLAN ROWLANDS-LONDON(YORK),"#3- 1570 HYDE PARK ROAD, LONDON, ONTARIO, CANADA, N6H 5L5",Corporation,+1(519)471-7152,"HANCOCK, RODNEY DOUGLAS"
1439,MCGOEY BROTHERS INSURANCE BROKERS LTD,"10, MILL ST EAST, TOTTENHAM, ONTARIO, CANADA, L0G 1W0",Corporation,+1(905)936-3441,"MCGOEY, EDWARD THOMAS"
1450,MCKEE & MCKEE INSURANCE BROKERS LTD,"385, THE WEST MALL, SUITE 217, ETOBICOKE, ONTARIO, CANADA, M9C 1E7",Corporation,+1(416)622-3774,"MCKEE, DAVID W.C."
1456,MCLEAN & DICKEY LTD,"174, WEST ST. SOUTH, ORILLIA, ONTARIO, CANADA, L3V 6L4",Corporation,+1(705)325-4461,"TISI, DANIELLE"
1540,MCLEAN HALLMARK INSURANCE GROUP LTD.,"184, FRONT STREET EAST, SUITE #601, TORONTO, ONTARIO, CANADA, M5A 4N3",Corporation,+1(416)364-4000,"BELYEA, JOHN NORMAN"
1469,MCR INSURANCE BROKERS LTD.,"15037, YONGE STREET, AURORA, ONTARIO, CANADA, L4G 1M3",Corporation,+1(905)713-1612,"HAWTIN, ROBERT BARRY"
1462,MCTAGGART WETTLAUFER INS BRKS INC. O/A EXCALIBUR INS GROUP,"68, ONTARIO ROAD, PO BOX 488, MITCHELL, ONTARIO, CANADA, N0K 1N0",Corporation,+1(519)348-9150,"ROY, JEFFREY"
1473,MCVEY INSURANCE SERVICE LTD,"8028, VICTORIA STREET, METCALFE, ONTARIO, CANADA, K0A 2P0",Corporation,+1(613)821-2524,"MCVEY, BARRY WINSTON"
1475,MEADOWVALE INSURANCE BROKERS LTD,"159, CHURCH STREET, OAKVILLE, ONTARIO, CANADA, L6J 1N1",Corporation,+1(905)826-5122,"SPRIGGS, ROGER ADAM"
2847,MEADWELL MOWAT & FENNELL INS AND FINANCIAL SERVICES,"413, DUNDAS STREET EAST, WHITBY, ONTARIO, CANADA, L1N 2J2",Partnership,+1(905)668-3579,"MEADWELL, KRISTEN LYNN"
4,MELOCHE MONNEX- HALIFAX,"6940, MUMFORD ROAD, SUITE #301, HALIFAX, NOVA SCOTIA, CANADA, B3L 0B7",Corporation,,"CHONG, ELAINE"
1489,MERIT INSURANCE BROKERS INC.,"111, GORDON BAKER ROAD, SUITE #100, NORTH YORK, ONTARIO, CANADA, M2H 3R1",Corporation,+1(416)497-5556,"VICKERS, CAROLYN"
4027,MERLIN UNDERWRITING INC.,"140, YONGE ST, 316, TORONTO, ONTARIO, CANADA, M5C 1X6",Wholesaler / MGA,+1(647)795-8128,"TOTTEN, H ROSS"
4032,MIKE BEATTIE INSURANCE O/B 1934702 ONTARIO INC.,"633 LIONS PARK DRIVE, UNIT #2, MOUNT BRYDGES, ONTARIO, CANADA, N0L 1W0",Corporation,+1(519)264-1341,"MEYER, LEENDERT JOHN"
4,MILLENNIUM CREDITRISK- ACTON,"36, WILLOW STREET N, ACTON, ONTARIO, CANADA, L7J 1Z7",Corporation,800-763-3499,"BLACK, DAVID J."
4,MILLER - CLIFFORD,"2, ELORA STREET, P.O.BOX 160, CLIFFORD, ONTARIO, CANADA, N0G 1M0",Corporation,519-327-8025,"FARRELL, TODD K."
4,MOLLER- RICHMOND HILL,"21-30 , WERTHEIM COURT, RICHMOND HILL, ONTARIO, CANADA, L4B 1B9",Corporation,,"MOLLER, JOHN DAVID"
4,MOORE HEMSWORTH -ZURICH,,Corporation,,"MOORE, DAVID ERNEST"
1545,MORISON & LAFFERTY INSURANCE BROKERS INC.,"1030, UPPER JAMES STREET, SUITE # 304, HAMILTON, ONTARIO, CANADA, L9C 6X6",Corporation,+1(905)318-1711,"MORISON, PETER"
4,MORISON INS-WATERFORD,"35, MAIN STREET, WATERFORD, ONTARIO, CANADA, N0E 1Y0",Corporation,519-443-8645,"MORISON, FREDERICK BRIAN"
4,MULTI RISK INS- MAHMOOD NASIR,"6045, CREDITVIEW ROAD, MISSISSAUGA, ONTARIO, CANADA, L5V 0B1",Corporation,416-424-4358,"SINGH, BHUPENDER (BEN)"
14,MULTI RISK INS-SUJATHA SIVAKAN,"66, QUANTUM STREET, MARKHAM, ONTARIO, CANADA, L3S 4J5",Corporation,416-846-3030,"SINGH, BHUPENDER (BEN)"
1774,MURPHY INSURANCE & FINANCIAL SERVICES INC.,"38, ELLEN STREET, UNIT #2, BARRIE, ONTARIO, CANADA, L4N 3A3",Corporation,+1(705)737-3630,"MURPHY, BRENT JOHN"
1584,MUSKOKA INSURANCE BROKERS LTD.,"320, MUSKOKA ST NORTH, P.O. BOX 400, GRAVENHURST, ONTARIO, CANADA, P1P 1T7",Corporation,+1(705)687-6606,"GARAGAN, DAVID ALLEN"
4,MY INSURANCE-WINDSOR,"4140, WALKER ROAD, UNIT #3, BUILDING C, WINDSOR, ONTARIO, CANADA, N8W 3T5",Corporation,519-946-1155,
4066,MYGROUP INSURANCE BROKER LIMITED,"100 MAIN ST, STE 2030, DARTMOUTH, NOVA SCOTIA, CANADA, B2X 1R5",Corporation,+1(902)434-7148,"REID, JAMES PATRICK"
14,NACORA -MARKHAM,"1, VALLEYWOOD DRIVE, SUITE 102, MARKHAM, ONTARIO, CANADA,",Corporation,,"FIORAVANTI-ASHIKWE, DIANNA MARIE"
1421,NEIL G. MCDONALD LIMITED,"3800, STEELES AVENUE W., SUITE #201E, WOODBRIDGE, ONTARIO, CANADA, L4L 4G9",Corporation,+1(416)226-1611,"COCCIA, JOSEPH J"
4145,NEOSHIELD INSURANCE BROKERS INC.,"835, O'CONNOR DR, EAST YORK, ONTARIO, CANADA, M4B 2S7",Corporation,+1(416)759-0636,"MCCABE, JOSEPH VINCENT"
1604,NEW WORLD INSURANCE SERVICES (ONTARIO) LIMITED,"3621 HIGHWAY 7 EAST,, SUITE 212, MARKHAM, ONTARIO, CANADA, L3R 0G6",Corporation,+1(905)513-1818,"KEUNG, ADAM WING-KING"
4061,NEWLINE CANADA INSURANCE LIMITED,"55 UNIVERSITY AVE, STE 1600, TORONTO, ONTARIO, CANADA, M5J 2H7",Wholesaler / MGA,+1(416)862-0162,
4,NEWMAN OLIVER - MARMORA,"P.O. BOX 339, 31 FORSITHE STREET, MARMORA, ONTARIO, CANADA, K0K 2M0",Corporation,613-472-2243,"NEWMAN, CALVIN GARY"
4096,NEXT WAVE INSURANCE CANADA CORP.,"40, EGLINTON E AVE, 200, TORONTO, ONTARIO, CANADA, M4P 3A2",Wholesaler / MGA,+()647-542-3252,"PUDDY, MARC W.J."
3814,NICKEL CITY INSURANCE BROKERS INC.,"1-754 , FALCONBRIDGE ROAD, SUDBURY, ONTARIO, CANADA, P3A 5X5",Corporation,+1(705)566-6715,"MCGREGOR, RAY"
3349,NORTHERN INSURANCE BROKERS INC,"1507, PARIS STREET, SUDBURY, ONTARIO, CANADA, P3E 3B7",Corporation,+1(705)522-7900,"MCGREGOR, RAY"
4121,NORTHLIFE INSURANCE & FINANCIAL SERVICES INC.,"55, CASTLEMORE AVE, MARKHAM, ONTARIO, CANADA, L6C 2N9",Corporation,+()647-997-7290,"GAKHAR, PRANAV"
4059,NUERA INSURANCE INC.,"6120, 2 SE ST, 25, CALGARY, ALBERTA, CANADA, T2H 2L8",Corporation,+1(403)854-0700,"BOSCH, BRADEN"
1647,O.K.J. INSURANCE BROKERS LIMITED,"3650, VICTORIA PARK AVENUE, SUITE # 203, NORTH YORK, ONTARIO, CANADA, M2H 3P7",Corporation,+1(416)492-4400,"DAVE-D'SOUZA, MANISHA"
4072,O2 INSURANCE SERVICES INC.,"3201, 308-4TH AVENUE, SW, CALGARY, ALBERTA, CANADA, T2P 0H7",Wholesaler / MGA,+1(778)777-5668,"MCGEE, KAREN PATRICIA"
4,OEGEMA-NICHOLSON-ORLEANS,"3809, ST. JOSEPH BLVD., UNIT 3, ORLEANS, ONTARIO, CANADA, K1C 1T1",Corporation,613-590-7373,"OEGEMA, BART T."
4080,OGILVY & OGILVY INC.,"55 YORK STREET, STE 200, TORONTO, ONTARIO, CANADA, M5J 1R7",Corporation,+1(416)777-2722,"OGILVY, DAVID W."
3764,OMA INSURANCE INC.,"150 BLOOR ST WEST, 8TH FLOOR, TORONTO, ONTARIO, CANADA, M5S 3C1",Corporation,+1(416)340-2993,"PALMER, BRUCE HARDING"
4083,ONE INSURANCE GROUP LTD.,"363, MAIN STREET, SELKIRK, MANITOBA, CANADA, R1A 1T5",Corporation,204-482-2300,"WYATT, CURTIS WILLIS"
4,ONE INSURANCE-WINNIPEG#2,"1115 GATEWAY ROAD, UNIT 6, WINNIPEG, MANITOBA, CANADA, R2G 0A5",Corporation,204-669-0143,"MCKENZIE, DONALD KENNETH"
4141,O'NEIL & BRADLEY'S INSURANCE LTD.,"1469, , STITTSVILLE MAIN ST, PO BOX 1234, STITTSVILLE, ONTARIO, CANADA, K2S 1B3",Corporation,+()613-432-4044,"ELLIOTT, STACY LEE"
4132,"ONESOURCE RISK MANAGEMENT CANADA, INC. / GESTION DE RISQUE ONESOURCE CANADA, INC.","15, NORTHTOWN WAY, SUITE 330, NORTH YORK, ONTARIO, CANADA, M2N 7A2",Corporation,+()866-463-4741,"BEEPAT, PETER"
3749,OPTIMA INSURANCE GROUP INC.,"1615, DUNDAS STREET EAST, SUITE 300, WHITBY, ONTARIO, CANADA, L1N 7S6",Corporation,+1(905)448-2929,"ALBANESE, DOMINIC"
4,OSTIC - FERGUS,"210, ST PATRICK ST W. , P.O. BOX 245 , FERGUS, ONTARIO, CAN",Corporation,519-843-2540,"OSTIC, JAMES ROBERT"
1674,OTIP/RAEO INSURANCE BROKERS INC.,"125, NORTHFIELD DRIVE WEST, P.O. BOX 218, WATERLOO, ONTARIO, CANADA, N2J 3Z9",Corporation,+1(519)888-9683,"FLOYD, CHRISTOPHER C."
2432,P.J. FAULKNER INSURANCE LTD.,"85 FERRIS LANE, SUITE 107, P.O. BOX 818, BARRIE, ONTARIO, CANADA, L4M 4Y6",Corporation,+1(705)726-1741,"FAULKNER, PERCY JAMES"
3447,PARMAR & ASSOCIATES INSURANCE BROKERS INC.,"106A BOND CRESCENT, RICHMOND HILL, ONTARIO, CANADA, L4E 3K9",Corporation,+1(905)508-3335,"MCCABE, JOSEPH VINCENT"
14,PARTNERS INDEMENTY MARKHAM,"84, PARKWAY AVENUE, MARKHAM, ONTARIO, CANADA,",Corporation,,"DOWNS, BARRY ROLAND"
514,PARTNERS INDEMNITY INSURANCE BROKERS LTD,"10, ADELAIDE STREET EAST, SUITE 400, TORONTO, ONTARIO, CANADA, M5C 1J3",Corporation,+1(416)366-5243,"DOWNS, BARRY ROLAND"
4,PARTNERS-KITCHENER(CHICOPEE),"328, CHICOPEE TRAIL, KITCHENER, ONTARIO, CANADA, N2R 4C8",Corporation,519-896-6625,"DOWNS, BARRY ROLAND"
4,PAUL AYOTTE-KIRKLAND,"27, GOVERNMENT ROAD WEST, KIRKLAND, ONTARIO, CANADA, P2N 2E3",Corporation,,"AYOTTE, MARTIN"
1433,PAUL MCGAHEY INSURANCE BROKERS LTD.,"14, REUBEN STREET, P.O. BOX 1337, KEMPTVILLE, ONTARIO, CANADA, K0G 1J0",Corporation,+1(613)258-3544,"MCGAHEY, PAUL MARTIN"
14,PBL- HEARST,"931, GEORGE STREET, HEARST, ONTARIO, CANADA, P0L 1N0",Corporation,705-372-6444,"WEERTS, ALBERT"
3584,PEDESTAL INSURANCE BROKERS INC,"44, BOND STREET EAST, P.O. BOX 190, FENELON FALLS, ONTARIO, CANADA, K0M 1N0",Corporation,+1(705)887-6318,"WOOLFREY, GLENN MALCOLM"
4002,PENTAGON INSURANCE GROUP INC.,"2201, WARDEN AVE, L1, SCARBOROUGH, ONTARIO, CANADA, M1T 1V5",Corporation,+1(905)995-0311,"MCCABE, JOSEPH VINCENT"
410,PETER CHUNG INSURANCE BROKERS LTD.,"1826, O'CONNOR DRIVE, TORONTO, ONTARIO, CANADA, M4A 1W7",Corporation,+1(416)755-9592,"CHUNG, PETER W H"
1245,PHIL LEON INSURANCE BROKER INC.,"21, HUNTER STREET EAST, #103, BOX 1053, HAMILTON, ONTARIO, CANADA, L8N 3R4",Corporation,+1(905)525-0001,"LEON, DAVID ARNOLD"
4111,PLAYER'S HEALTH COVER CANADA INC.,"52, HEDGEWOOD DR, UNIONVILLE, ONTARIO, CANADA, L3R 6K3",Corporation,+()416-574-6396,"GUTHRIE-PHAIR, LORIE J"
3046,PLLS CANADA INSURANCE BROKERS INC.,"FIRST CANADIAN PLACE, 100 KING STREET WEST, SUITE 5700, TORONTO, ONTARIO, CANADA",Corporation,+1(416)736-3456,"JONES, BRIAN WILLIAM"
2840,POWELL BROWN & TRACY INSURANCE BROKERS LIMITED,"1528, CRIMSON CRESCENT, KINGSTON, ONTARIO, CANADA, K7P 0H4",Corporation,+1(416)421-6489,"POWELL, BRUCE EDWARD"
2643,PREFERRED INSURANCE GROUP LIMITED,"778, WHARNCLIFFE ROAD SOUTH, LONDON, ONTARIO, CANADA, N6J 2N4",Corporation,+1(519)661-0200,"LENEHAN, ARTHUR MICHAEL"
3647,PRIME SERVICE INSURANCE O/B BT PARTNERS INC.,"8500 LESLIE ST, STE 200, THORNHILL, ONTARIO, CANADA, L3T 7P8",Corporation,+1(905)886-7277,"JAZAYERI-MOGHADDAS, DAVOOD"
3774,PRIMUS RISK MANAGEMENT INC.,"7111, SYNTEX DRIVE, 3RD FLOOR, MISSISSAUGA, ONTARIO, CANADA, L5N 8C3",Corporation,+1(647)499-6517,"ST. MARTIN, GILBERT J."
3455,PROFESSIONAL RISK UNDERWRITERS INC.,"1, YONGE STREET, SUITE 1801, TORONTO, ONTARIO, CANADA, M5E 1W7",Wholesaler / MGA,+1(416)306-2499,"MEHTA, RAHUL"
4,PROGRAMMED INS. - BEDFORD,"200, WATERFRONT DRIVE, SUITE #116, BEDFORD, NOVA SCOTIA, CANADA, B4A 4J4",Corporation,,"WATERS, TIMOTHY RICHARD"
1248,PROLINK INSURANCE INC.,"150, KING STREET WEST, TORONTO, ONTARIO, CANADA, M5H 1J9",Corporation,+1(416)595-7484,"MCCABE, JOSEPH VINCENT"
4081,PROTECT PLUS INSURANCE BROKERS INC.,"13013, TECUMSEH E RD, 3, WINDSOR, ONTARIO, CANADA, N8N 3T4",Corporation,+1(519)258-7733,"MCCABE, JOSEPH VINCENT"
1084,R. H. JOHNSTON INSURANCE BROKERS LTD.,"124, MAIN STREET, ST CATHARINES, ONTARIO, CANADA, L2N 4V4",Corporation,+1(905)934-3432,"JOHNSTON, ROGER HARVEY"
284,R.J. BROWN INSURANCE BROKER O/B 1731257 ONTARIO LIMITED,"88, LANSDOWNE STREET WEST, PETERBOROUGH, ONTARIO, CANADA, K9J 1Y1",Corporation,+1(705)876-1300,"MCDERMOTT, BRYAN EDWARD"
3924,RACINE & CHAMBERLAND INC.,"4001 CREMAZIE EAST, SUITE 100, MONTREAL, QUEBEC, CANADA, H1Z 2L2",Corporation,514-722-3501,"BOUSSEAU, BERNARD"
1804,RAYBURN INSURANCE BROKERS LTD.,"304, VICTORIA STREET NTH, P.O. BOX 639, TWEED, ONTARIO, CANADA, K0K 3J0",Corporation,+1(613)478-2532,"WOOLFREY, JAMES PAUL"
3642,RED ROCK INSURANCE SERVICES LTD.,"21, ST CLAIR E AVE, SUITE #504, TORONTO, ONTARIO, CANADA, M4T 1L8",Wholesaler / MGA,+1(647)401-3944,"GRAHAM, PETER CLARE"
4065,REEL MEDIA CANADA INC.,"33 YONGE STREET, STE 270, TORONTO, ONTARIO, CANADA, M5E 1G4",Wholesaler / MGA,+1(416)366-2223,"PEPPER, LYNNE"
2407,REG WARD INSURANCE SERVICES o/b 885002 ONTARIO LIMITED,"10, FRONT ST EAST, P.O. BOX 188, HASTINGS, ONTARIO, CANADA, K0L 1Y0",Corporation,705-696-3356,"MARTYN, ROBERT GORDON JAMES"
4000,"REINSURANCE MANAGEMENT ASSOCIATES, INC.","170 UNIVERSITY AVE, STE 500, TORONTO, ONTARIO, CANADA, M5H 3B3",Corporation,+1(416)408-2605,"DANIELS, CRISPIN"
4016,RELIABLE INSURANCE BROKERS INC.,"111, PACIFIC AVE, UNIT #1107, TORONTO, ONTARIO, CANADA, M6P 2P2",Corporation,+1(289)274-0024,"MCCABE, JOSEPH VINCENT"
1834,RHODES & WILLIAMS LIMITED,"1050, MORRISON DRIVE, 3RD FLOOR, OTTAWA, ONTARIO, CANADA, K2H 8K7",Corporation,+1(613)226-6590,"YOUNG, TRENTON ROY"
1941,RICHARD SCHWEGEL INSURANCE SERVICES LIMITED,"321, FREDERICK ST, KITCHENER, ONTARIO, CANADA, N2H 2N8",Corporation,+1(519)576-2020,"SCHWEGEL, NORMAN RICHARD"
4043,RICK BEER INSURANCE INC.,"163, ORMOND STREET, BROCKVILLE, ONTARIO, CANADA, K6V 2L2",Corporation,+1(613)342-9076,"MCCABE, JOSEPH VINCENT"
1848,RIDEAU INSURANCE SERVICE LTD,"P.O.BOX 160, 18 CONCESSION STREET, WESTPORT, ONTARIO, CANADA, K0G 1X0",Corporation,+1(613)273-2075,"RICE, SCOTT DAVID"
2734,RIDERS PLUS INSURANCE INC.,"80, NORTH QUEEN STREET, 5TH FLOOR, TORONTO, ONTARIO, CANADA, M8Z 2C9",Corporation,+1(416)251-1447,"SHARPE, MARY ANN PATRICIA"
4030,RISK CARE GENERAL INSURANCE INC.,"7895, TRANMERE DR, 30, MISSISSAUGA, ONTARIO, CANADA, L5S 1V9",Corporation,+1(905)805-5712,"MCCABE, JOSEPH VINCENT"
3249,RISK REVIEW INC.,"94, GRAHAM STREET SUITE 3, BOX 20137, WOODSTOCK, ONTARIO, CANADA, N4S 8X8",Consultant,+1(416)607-7251,"TRUSCOTT, DAVID G."
3400,RISKTECH INSURANCE SERVICES INC.,"#300, 14727 â€“ 87 AVENUE, EDMONTON, ALBERTA, CANADA, T5R 4E5",Corporation,+1(780)453-7755,"PLOOF, JASON WAYNE"
4,RIVET- SAULT STE. MARIE,"150, CHURCHHILL BLVD., UNIT B5, SAULT STE MARIE, ONTARIO, CANADA, P6A 4B3",Corporation,705-949-1985,"RIVET, JEAN-LUC"
3054,ROBERT J. MORRIS INSURANCE & CONSULTING LTD.,"R.R. #2, ROAD 23, PROPERTY #235545, THAMESFORD, ONTARIO, CANADA, N0M 2M0",Corporation,+1(519)283-6608,"MORRIS, ROBERT JAMES"
3384,ROCKWELL INSURANCE BROKERS INC,"22, COTTINGHILL WAY, AURORA, ONTARIO, CANADA, L4G 7V4",Corporation,+1(905)726-1967,"MCCABE, JOSEPH VINCENT"
1124,ROGER KELSEY INSURANCE BROKERS INC.,"248, CHARLESTON LAKE ROAD, ATHENS, ONTARIO, CANADA, K0E 1B0",Corporation,+1(613)924-9135,"KELSEY, ROGER MAURICE"
3145,ROGERS INSURANCE LTD.,"800â€“ 1331 MACLEOD TRAIL SE, CALGARY, ALBERTA, CANADA, T2G 0K3",Corporation,+1(403)296-2400,"ROGERS, PETER ROBERT"
3418,"ROSENBERG & PARKER OF CANADA, INC.","4211, YONGE STREET, SUITE #205, TORONTO, ONTARIO, CANADA, M2P 2A9",Corporation,+1(416)218-1280,"THOMPSON, SHEILA E."
3430,ROUTH CHOVAZ INSURANCE BROKERS INC.,"#203- 2351 ROYAL WINDSOR DRIVE, MISSISSAUGA, ONTARIO, CANADA, L5J 4S7",Corporation,+1(905)919-1382,"MCCABE, JOSEPH VINCENT"
1914,SAFETY INSURANCE SERVICE (1959) LIMITED,"2375, SKYMARK AVENUE, MISSISSAUGA, ONTARIO, CANADA, L4W 4Y6",Corporation,+1(416)259-4625,"TOSTE, M. FATIMA"
3489,SALVATORE INSURANCE BROKERS LIMITED,"1, PINE HILL DRIVE, UNIT 2, LOWER SACKVILLE, NOVA SCOTIA, CANADA, B4C 1N4",Corporation,+1(902)865-0025,"SALVATORE, JOHN DAVID"
14,SECURE - ELORA,"294, MILL STREET EAST, SUITE 1-12A, ELORA, ONTARIO, CANADA,",Corporation,,"MCGLYNN, RANDOLPH BRENT"
4,SECURE - ORANGEVILLE,"85, RIDDELL ROAD, ORANGEVILLE, ONTARIO, CANADA, L9W 4Z6",Corporation,519-940-0725,"MCGLYNN, RANDOLPH BRENT"
3674,SENTINEL RISK INSURANCE GROUP LIMITED,"193 AYLMER STREET NORTH, BOX 385, PETERBOROUGH, ONTARIO, CANADA, K9J 6Z3",Corporation,+1(705)742-4245,"KRUK, GREGORY R.J."
4013,SHARP INSURANCE O/B GEMSTAR HOLDINGS LTD.,"300- , 1331 MACLEOD TRAIL SE, CALGARY, ALBERTA, CANADA, T2G 1E1",Corporation,+1(403)590-2008,"ROGERS, PETER ROBERT"
1714,SHEPHERD GENERAL INSURANCE INC.,"140, WENDELL AVE., SUITE 9, TORONTO, ONTARIO, CANADA, M9N 3R2",Corporation,+1(416)249-1700,"SHEPHERD, NEIL WILLIAM"
4114,SHEPPARD INSURANCE SERVICE AND RISK MANAGEMENT INC.,"14315, 118 NW AVE, SUITE 118, EDMONTON, ALBERTA, CANADA, T5L 4S6",Corporation,+1(780)784-2582,"BAKER, CAMERON JAMES"
4,SHOLDICE-BRUSSELS,"470 TURNBERRY ST, BOX 69, BRUSSELS, ONTARIO, CANADA, N0G 1H0",Corporation,519-887-6100,"ORR, RICHARD"
2548,SIGNATURE INSURANCE BROKERS INC.,"111, ZENWAY BLVD, 39, WOODBRIDGE, ONTARIO, CANADA, L4H 3H9",Corporation,+1(905)264-0955,"LE, DUY PHAM"
4060,SLS INSURANCE BROKERS LTD.,"F120 - 155 FROBISHER DRIVE, WATERLOO, ONTARIO, CANADA, N2V 2E1",Corporation,+1(647)963-2520,"CARROLL, RANDY DAVID"
3624,SMITH & BRADLEY'S INSURANCE LTD.,"1518, SCOTT STREET, OTTAWA, ONTARIO, CANADA, K1Y 2N5",Corporation,+1(613)836-2473,"ELLIOTT, STACY LEE"
3643,SOUTH WESTERN INSURANCE GROUP LIMITED,"401, THE WEST MALL, SUITE #700, TORONTO, ONTARIO, CANADA, M9C 5J5",Wholesaler / MGA,+1(416)642-6976,"BARCLAY, JOHN ALEXANDER"
4,SOUTH WESTERN-HANNON,"64, SUNDANCE CRES, HANNON, ONTARIO, CANADA, L0R 1P0",Wholesaler / MGA,,"BARCLAY, JOHN ALEXANDER"
4012,SPADAFORA INSURANCE SERVICES INCORPORATED,"1275 WALKER ROAD, UNIT #9, WINDSOR, ONTARIO, CANADA, N8Y 4X9",Corporation,+1(226)348-0061,"MCCABE, JOSEPH VINCENT"
2043,SPEAKER & PIUNI LTD,"1224, GARRISON ROAD, P.O. BOX 1405, FORT ERIE, ONTARIO, CANADA, L2A 1P1",Corporation,+1(905)871-3594,"TUDHOPE, BROCKETT"
3874,SPECIAL RISK INSURANCE MANAGERS LTD.,"#103 - 8411 200TH STREET, LANGLEY, BRITISH COLUMBIA, CANADA, V2Y 0E7",Wholesaler / MGA,+1(604)888-0050,"WOODALL, WILLIAM MARK"
4,SPECIALTY RICK - WINNIPEG,"179, McDERMONT AVENUE, SUITE 108, WINNIPEG, MANITOBA, CANADA, R3B 0S1",Wholesaler / MGA,,"RISTOLA, MARK ALLEN"
4,SPRIGGS INS-ANGUS,"189, MILLS STREET , UNIT B , ANGUS, ONTARIO, CANADA,",Corporation,705-424-7191,"SPRIGGS, ROGER ADAM"
2048,SPRIGGS INSURANCE BROKERS LIMITED,"159, CHURCH STREET, OAKVILLE, ONTARIO, CANADA, L6J 1N1",Corporation,+1(905)844-9232,"SPRIGGS, ROGER ADAM"
4,ST CLAIR- LONDON,"127- , 4056 MEADOWBROOK, LONDON, ONTARIO, CANADA,",Corporation,519-691-2539,"MINGAY, JAMES PETER"
3654,ST. CLAIR INSURANCE BROKERS INC.,"133340, LANOUE ST, TECUMSEH, ONTARIO, CANADA, N8N 5E1",Corporation,+1(866)308-9307,"MINGAY, JAMES PETER"
543,STAN DARLING INSURANCE INC.,"178, ONTARIO STREET, BOX 540, BURKS FALLS, ONTARIO, CANADA, P0A 1C0",Corporation,+1(705)382-2902,"DARLING, JASON MYLES"
4,STEWART INSURANCE-PORT PERRY,"181, PERRY STREET, Unit G3, PORT PERRY, ONTARIO, CANADA, L9L 1B8",Corporation,,"MORRISON NICHOLLS, E. MARLENE"
4,STONERIDGE-MISSISSAUGA#1,"145, TRADERS E BLVD, 3, MISSISSAUGA, ONTARIO, CANADA, L4Z 3L3",Corporation,,"ANDERSON, TERRY VAUGHN"
41,SURNET-Bancroft,"294, Hastings St. N., BANCROFT, ONTARIO, CANADA, K0L 1C0",Corporation,613-332-3586,"THOMPSON, KELLY JEAN"
40,SURNET-Bowmanville,"28, Clayton Crescent, BOWMANVILLE, ONTARIO, CANADA, L1C 4P3",Corporation,905-623-2775,"THOMPSON, KELLY JEAN"
34,SURNET-Kitchener,"123, Stanley Ave., KITCHENER, ONTARIO, CANADA, N2K 3V9",Corporation,519-489-5051,"THOMPSON, KELLY JEAN"
43,SURNET-SCARBOROUGH,"707- , 88 GRANGEWAY AVENUE, SCARBOROUGH, ONTARIO, CANADA, M1H 0A2",Corporation,,"THOMPSON, KELLY JEAN"
42,SURNET-WATERLOO,"295 WEBER ST NORTH, UNIT #4, WATERLOO, ONTARIO, CANADA, N2J 3H8",Corporation,519-489-9051,"THOMPSON, KELLY JEAN"
3451,SUSSEX CORPORATE RISK INC.,"223 COLONNADE ROAD, STE 116, OTTAWA, ONTARIO, CANADA, K2E 7K3",Corporation,+1(613)224-0385,"GIANNOUKOS, GEORGE"
3840,SYM-TECH DEALER SERVICES O/B SYM-TECH INC.,"150, WEST BEAVER CREEK, RICHMOND HILL, ONTARIO, CANADA, L4B 1B4",Wholesaler / MGA,+1(416)801-4929,"MILDON, CHRISTOPHER"
3164,SYNERGY INSURANCE SERVICES INC,"16, BILTMORE COURT, MARKHAM, ONTARIO, CANADA, L3S 3S9",Corporation,416-238-1113,"HILLCOFF, KENNETH LESLIE"
4160,SYNERGY UNDERWRITERS LIMITED,"245, FAIRVIEW MALL DR, SUITE 302, NORTH YORK, ONTARIO, CANADA, M2J 4T1",Corporation,+()416-218-5775,"GUARINI, ANTONIO ""TONY"""
445,T.G. COLLEY & SONS LIMITED,"34, HARVARD ROAD, GUELPH, ONTARIO, CANADA, N1G 4V8",Corporation,+1(519)824-4040,"COLLEY, TODD ANDREW"
4,TANGRI BMT MISSISSAUGA,"7370, BRAMALEA ROAD, UNIT #17, MISSISSAUGA, ONTARIO, CANADA, L5S 1N6",Corporation,905-405-1200,"BERGERON, JOEL GERARD JOSEPH"
2134,TAYLOR FORDER INSURANCE BROKERS LTD.,"169, NORTH STREET, PORT PERRY, ONTARIO, CANADA, L9L 1B7",Corporation,+1(905)985-8416,"MICHEL, JENNIFER LYNN"
2141,TENCH-MACDIARMID INSURANCE BROKERS LTD.,"C/O J.G. RIVET BROKERS LIMITED, 229 MAIN STREET, STURGEON FALLS, ONTARIO, CANADA",Corporation,+1(705)753-0130,"RIVET, JEAN-LUC"
2604,THE MERIT GROUP INSURANCE BROKERS INC.,"759, HYDE PARK RD, 100, LONDON, ONTARIO, CANADA, N6H 3S3",Corporation,+1(519)657-5500,"PITCHELL, CRAIG S."
4,THE STANDARD - SIOUX LOOKOUT,"34, FRONT STREET, BOX 68, SIOUX LOOKOUT, ONTARIO, CANADA, P8T 1A1",Corporation,807-737-1580,"FORSYTH, GARY PETER"
3471,THE STANDARD INSURANCE BROKERS (RED LAKE) LTD.,"319 SECOND ST SOUTH, PO BOX 2890, KENORA, ONTARIO, CANADA, P9N 3X8",Corporation,8074683333,"FORSYTH, GARY PETER"
4046,THEJUDGE CANADA LIMITED,"120 ADELAIDE ST WEST, STE 2500, TORONTO, ONTARIO, CANADA, M5H 1T1",Corporation,+1(416)238-6730,"DANIELS, CRISPIN"
2149,THEORET MARTEL INSURANCE BROKERS,"1, MAIN E ST, HAWKESBURY, ONTARIO, CANADA, K6A 1A1",Partnership,+1(613)632-4118,"MARTEL, SHAWN THOMAS"
4105,THOMAS MILLER SPECIALTY UNDERWRITING AGENCY LIMITED,", PO BOX 61041, MAPLE GROVE VILLAGE, OAKVILLE, ONTARIO, CANADA, L6J 7P5",Wholesaler / MGA,+()647-746-7173,"MOOR, DEBORAH LEE"
4124,THUNDERBALL INVESTMENTS INC.,", BOX 77, RIDGEVILLE, ONTARIO, CANADA, L0S 1M0",Consultant,+1(905)732-8228,"MCAVOY, TIMOTHY GEORGE"
4113,TITAN INSURANCE BROKERS INC.,"20, MARITIME ONTARIO BLVD, STE 220, BRAMPTON, ONTARIO, CANADA, L6S 0E7",Corporation,+()905-799-9942,"SHEEHAN, EDWARD MICHAEL"
3634,TOPBIN INSURANCE SOLUTIONS INC.,"400, LAKE STREET, ST CATHARINES, ONTARIO, CANADA, L2N 4H4",Corporation,+1(877)633-9566,"CERCA, KAREN LEE"
4116,TREBUCHET INSURANCE BROKERS LTD.,"488, WELLINGTON W ST, SUITE 202, TORONTO, ONTARIO, CANADA, M5V 1E3",Corporation,+()416-203-2553,"MCGREGOR, JAMES"
3456,TREDD INSURANCE BROKERS INC.,"141, ADELAIDE ST WEST, SUITE 1410, TORONTO, ONTARIO, CANADA, M5H 3L5",Corporation,+1(416)306-2880,"SILVEIRA, ISABEL"
4087,Trehan & Associates Insurance Brokers Limited,"2780, SKYMARK AVE, UNIT #9, MISSISSAUGA, ONTARIO, CANADA, L4W 5A7",Corporation,+1(647)988-7012,"TREHAN, SATYAM"
2946,TRIBAL CUSTOM INSURANCE SERVICES INC.,"1000, DEGURSE DRIVE, SUITE 2, SARNIA, ONTARIO, CANADA, N7T 7H5",Corporation,+1(519)332-4894,"PETERS, BURK D."
4014,TRIDENT INSURANCE BROKERS INC.,"2978, ISLINGTON AVENUE, SUITE 203, NORTH YORK, ONTARIO, CANADA, M9L 2K6",Corporation,+1(416)775-9452,"OBERKOVYCH, MYKOLA (NICK)"
2184,TRIGON INSURANCE BROKERS LTD.,"2412, KALADAR AVE., OTTAWA, ONTARIO, CANADA, K1V 8C1",Corporation,+1(613)520-4108,"HA, JOSEPH"
3741,TRINITY UNDERWRITING MANAGERS LTD.,"55 YORK ST, STE 400, TORONTO, ONTARIO, CANADA, M5J 1R7",Wholesaler / MGA,+1(416)306-2857,"MCLACHLAN, MICHAEL STUART"
3084,TRI-QUEST MARKETING INC.,"291, UPPER HIGHLAND CRESCENT, NORTH YORK, ONTARIO, CANADA, M2P 1V4",Corporation,+1(416)930-0518,"LESLIE, JOHN DAVID"
3984,TUQUE INC.,"60 RENFREW DRIVE, STE 320, MARKHAM, ONTARIO, CANADA, L3R 0E1",Corporation,+1(647)505-5131,"ST. MARTIN, GILBERT J."
3574,UNIONLINK INSURANCE BROKERS INC.,"1-754 , FALCONBRIDGE HWY, SUDBURY, ONTARIO, CANADA, P3A 5X5",Corporation,855-530-9787,"MCGREGOR, RAY"
4161,UNIQUE RISKS LTD.,"1100, BURLOAK DR, SUITE 300, BURLINGTON, ONTARIO, CANADA, L7L 6B2",Wholesaler / MGA,+()905-334-6971,"FARQUHAR, JOHN D."
3834,UNITEDLINK INSURANCE BROKERS LTD.,"1390 KINGSWAY, UNIT 1, SUDBURY, ONTARIO, CANADA, P3B 0A3",Corporation,+1(705)222-5465,"MCGREGOR, RAY"
3524,UNITY MANAGING UNDERWRITERS LIMITED,"245, FAIRVIEW MALL DRIVE, SUITE #302, TORONTO, ONTARIO, CANADA, M2J 4T1",Corporation,+1(416)218-5775,"GUARINI, ANTONIO ""TONY"""
2204,UNITY REALTY & INSURANCE INC.,"229, GLEN PARK AVE, TORONTO, ONTARIO, CANADA, M6B 2E2",Corporation,+1(416)781-5638,"MINICUCCI, JEFFREY M."
3438,VEZINA ASSURANCE INC.,"4374, AVE PIERRE-DE COUBERTIN, MONTREAL, QUEBEC, CANADA, H1V 1A6",Corporation,+1(514)257-5155,"VEZINA, PATRICE"
3402,VP INSURANCE BROKERS LTD.,"14-260 , EDGELEY BLVD., CONCORD, ONTARIO, CANADA, L4K 3X4",Corporation,4163567124,"PISANO, VITO"
1453,W C MCLAUGHLIN LTD,"2950, KENNEDY ROAD, SUITE 201, SCARBOROUGH, ONTARIO, CANADA, M1V 1T1",Corporation,+1(416)299-4142,"TABOROWSKI, THOMAS G."
432,W. CLYDE ROBERTSON INSURANCE LIMITED,"5805, WHITTLE ROAD, SUITE 204, MISSISSAUGA, ONTARIO, CANADA, L4Z 2J1",Corporation,+1(905)890-6202,"ROBERTSON, PATRICK JOSEPH"
1947,W. H. SCRIVENS & SON LIMITED,"270, MACLAREN ST., OTTAWA, ONTARIO, CANADA, K2P 0M3",Corporation,+1(613)236-9101,"SCRIVENS, PETER WILLIAM"
244,W.C. BURGESS INSURANCE SERVICES LTD.,"16, CENTRAL AVENUE EAST, BROCKVILLE, ONTARIO, CANADA, K6V 1W4",Corporation,+1(613)342-1405,"FOAN, GREGORY WILLIAM"
1436,W.W.D. MCGLENNON INSURANCE BROKER LIMITED,"32, KING ST E, P.O.BOX 327, COLBORNE, ONTARIO, CANADA, K0K 1S0",Corporation,+1(905)355-2530,"MCGLENNON, DAVID W."
2274,WARDELL INSURANCE LTD.,"431, BRANT STREET, BURLINGTON, ONTARIO, CANADA, L7R 2G3",Corporation,+1(905)634-5549,"PINNINGTON, STEVE"
4131,WARNICA & ASSOCIATES INSURANCE INC.,"3602, HENSHAW PL, BURLINGTON, ONTARIO, CANADA, L7N 3X1",Corporation,+()905-632-5768,"MCCABE, JOSEPH VINCENT"
4076,WELLCARE INSURANCE CORPORATION,"50 WEST WILMOT STREET, UNIT 6, RICHMOND HILL, ONTARIO, CANADA, L4B 1M5",Corporation,+1(905)695-2080,"JAITLEY, RISHI"
4,WESTERN FINANCIAL-WEST KELOWNA,"108-3480 , CARRINGTON ROAD, WEST KELOWNA, BRITISH COLUMBIA, CANADA, V4T 3C1",Corporation,250-707-6810,"FRIESEN, JUSTIN A."
4031,WESTMOUNT GUARANTEE INSURANCE GROUP INC.,"600 COCHRANE DRIVE, STE 205, MARKHAM, ONTARIO, CANADA, L3R 5K3",Corporation,+1(416)366-3018,"PUDDY, MARC W.J."
4,WILL INS-TILBURY,"40, QUEEN STREET SOUTH, TILBURY, ONTARIO, CANADA, N0P 2L0",Corporation,,"WILL, DENNIS EDWARD"
2314,WILL INSURANCE BROKERS LTD,"148, ERIE STREET NORTH, LEAMINGTON, ONTARIO, CANADA, N8H 3A2",Corporation,+1(519)326-5746,"WILL, DENNIS EDWARD"
1844,WILLIS CANADA INC.,"100, KING STREET WEST, SUITE #4700, TORONTO, ONTARIO, CANADA, M5X 1E4",Corporation,+1(416)646-3187,"TORR, ANDREW EDWARD"
3497,WILLIS RE INC.,"100 King Street, , Suite 4700, TORONTO, ONTARIO, CANADA, M5X 1B5",Corporation,+1(212)915-8445,"LITTELL, DAVID JOSHUA"
4051,WILSON M. BECK INSURANCE SERVICES (KELOWNA) INC.,"ATTN: KAREN KILBREI, #1040- 250 WELLINGTON STREET, TORONTO, ONTARIO, CANADA, M5",Corporation,+1(250)878-3208,"KILBREI, KAREN ELAINE"
2342,WOODS HODGINS INSURANCE BROKER LIMITED,"170, AILSA CRAIG MAIN ST, PO Box 130, AILSA CRAIG, ONTARIO, CANADA, N0M 1A0",Corporation,+1(519)293-3295,"HODGINS, KEVIN R"
2344,WORDEN INSURANCE & FINANCIAL SERVICES LTD.,"172, KING STREET EAST, SUITE #300, OSHAWA, ONTARIO, CANADA, L1H 1B7",Corporation,+1(905)579-1317,"STANTON, DONALD BRUCE"
4,WYATT DOWLING-WINNIPEG,"1353, McPHILLIPS STREET, WINNIPEG, MANITOBA, CANADA, R2X 3A6",Corporation,204-949-2620,"FRIESEN, JUSTIN A."
3024,YORK ALLIANCE INSURANCE BROKERS INC.,"50, BUR OAK AVENUE, UNIT #5, MARKHAM, ONTARIO, CANADA, L6C 0A2",Corporation,+1(905)888-7900,"WOODROFFE, KEVIN"
24,YOUNGS INSURANCE-MISSISSAUGA,"2345, ARGENTIA ROAD, SUITE 100B, MISSISSAUGA, ONTARIO, CANADA,",Corporation,519-979-9989,"FERGUSSON, GORDON EDWARD"
4,YOUNGS INSURANCE-SAULT STE MAR,"126, GREAT NORTHERN ROAD, SAULT STE MARIE, ONTARIO, CANADA, P6B 4Z1",Corporation,705-759-9191,"FERGUSSON, GORDON EDWARD"
4,ZEHR INSURANCE - WATERLOO,"279, WEBER STREET NORTH, UNIT #16, WATERLOO, ONTARIO, CANADA, N2J 3H8",Corporation,519-746-5900,"ZEHR, JOHN GERRIT"
3954,ZENSURANCE BROKERS INC. O/A ZENSURANCE,"200, UNIVERSITY AVE, 1302, TORONTO, ONTARIO, CANADA, M5H 3C6",Corporation,+1(416)770-7674,"MCBRIDE, BENNETT E."
